ID,name,KeyCode,TimeClick,TimeNext
5682,Patryk,16,431,0
5683,Patryk,80,81,350
5684,Patryk,65,112,208
5685,Patryk,75,64,224
5686,Patryk,82,192,64
5687,Patryk,84,176,352
5688,Patryk,89,80,304
5689,Patryk,9,64,257
5690,Patryk,16,304,335
5691,Patryk,70,80,240
5692,Patryk,65,112,176
5693,Patryk,82,96,128
5694,Patryk,32,96,272
5695,Patryk,70,81,272
5696,Patryk,65,111,81
5697,Patryk,82,63,159
5698,Patryk,32,79,160
5699,Patryk,65,80,224
5700,Patryk,87,143,192
5701,Patryk,65,97,111
5702,Patryk,89,64,273
5703,Patryk,188,64,688
5704,Patryk,32,79,96
5705,Patryk,66,64,352
5706,Patryk,69,80,160
5707,Patryk,72,49,303
5708,Patryk,73,79,113
5709,Patryk,78,63,192
5710,Patryk,68,81,175
5711,Patryk,32,79,257
5712,Patryk,84,64,624
5713,Patryk,72,64,160
5714,Patryk,69,96,112
5715,Patryk,32,127,97
5716,Patryk,87,63,287
5717,Patryk,79,48,1664
5718,Patryk,82,64,400
5719,Patryk,68,64,367
5720,Patryk,32,64,161
5721,Patryk,77,64,239
5722,Patryk,79,81,176
5723,Patryk,85,48,209
5724,Patryk,78,80,144
5725,Patryk,84,49,127
5726,Patryk,65,81,160
5727,Patryk,73,48,737
5728,Patryk,78,48,176
5729,Patryk,83,64,128
5730,Patryk,32,47,240
5731,Patryk,8,80,400
5732,Patryk,188,95,208
5733,Patryk,32,79,144
5734,Patryk,70,96,272
5735,Patryk,65,81,255
5736,Patryk,82,80,161
5737,Patryk,32,96,176
5738,Patryk,70,64,208
5739,Patryk,82,48,192
5740,Patryk,79,64,112
5741,Patryk,77,80,192
5742,Patryk,32,95,176
5743,Patryk,84,64,623
5744,Patryk,72,79,129
5745,Patryk,69,64,160
5746,Patryk,32,96,127
5747,Patryk,67,63,273
5748,Patryk,79,64,95
5749,Patryk,85,64,209
5750,Patryk,78,64,160
5751,Patryk,84,113,175
5752,Patryk,82,95,65
5753,Patryk,73,64,624
5754,Patryk,69,32,272
5755,Patryk,83,64,303
5756,Patryk,32,95,177
5757,Patryk,86,64,176
5758,Patryk,16,256,208
5759,Patryk,79,32,208
5760,Patryk,75,64,608
5761,Patryk,65,63,128
5762,Patryk,76,47,192
5763,Patryk,73,64,176
5764,Patryk,65,64,160
5765,Patryk,32,96,671
5766,Patryk,65,80,273
5767,Patryk,78,80,544
5768,Patryk,68,79,176
5769,Patryk,32,80,240
5770,Patryk,16,304,272
5771,Patryk,67,81,224
5772,Patryk,79,64,240
5773,Patryk,78,80,208
5774,Patryk,83,64,351
5775,Patryk,79,79,769
5776,Patryk,78,64,224
5777,Patryk,65,64,160
5778,Patryk,78,80,128
5779,Patryk,84,48,240
5780,Patryk,73,48,128
5781,Patryk,65,96,176
5782,Patryk,188,64,880
5783,Patryk,32,64,128
5784,Patryk,84,143,528
5785,Patryk,72,80,112
5786,Patryk,69,112,288
5787,Patryk,82,127,113
5788,Patryk,69,80,143
5789,Patryk,32,96,272
5790,Patryk,76,80,384
5791,Patryk,73,48,240
5792,Patryk,86,64,144
5793,Patryk,69,96,192
5794,Patryk,32,79,97
5795,Patryk,84,80,287
5796,Patryk,72,32,208
5797,Patryk,69,80,224
5798,Patryk,32,96,128
5799,Patryk,66,48,256
5800,Patryk,76,63,128
5801,Patryk,73,63,176
5802,Patryk,78,63,176
5803,Patryk,68,79,144
5804,Patryk,32,63,209
5805,Patryk,84,127,687
5806,Patryk,69,81,95
5807,Patryk,88,64,257
5808,Patryk,84,64,320
5809,Patryk,83,80,480
5810,Patryk,190,64,1055
5811,Patryk,32,96,96
5812,Patryk,16,240,209
5813,Patryk,83,97,144
5814,Patryk,69,80,240
5815,Patryk,80,64,176
5816,Patryk,65,64,528
5817,Patryk,82,80,224
5818,Patryk,65,81,191
5819,Patryk,84,64,304
5820,Patryk,69,96,129
5821,Patryk,68,64,272
5822,Patryk,32,96,256
5823,Patryk,84,64,671
5824,Patryk,72,32,225
5825,Patryk,69,79,176
5826,Patryk,89,47,336
5827,Patryk,32,96,176
5828,Patryk,76,48,160
5829,Patryk,73,64,223
5830,Patryk,86,48,209
5831,Patryk,69,32,432
5832,Patryk,32,96,288
5833,Patryk,73,64,240
5834,Patryk,78,80,192
5835,Patryk,32,112,192
5836,Patryk,66,65,368
5837,Patryk,16,448,1247
5838,Patryk,79,64,353
5839,Patryk,79,81,143
5840,Patryk,75,64,593
5841,Patryk,77,64,1135
5842,Patryk,65,96,177
5843,Patryk,82,64,352
5844,Patryk,75,64,191
5845,Patryk,83,64,1473
5846,Patryk,71,64,255
5847,Patryk,82,48,257
5848,Patryk,79,47,96
5849,Patryk,86,65,319
5850,Patryk,69,64,401
5851,Patryk,32,112,239
5852,Patryk,82,79,625
5853,Patryk,73,64,208
5854,Patryk,71,81,207
5855,Patryk,72,81,224
5856,Patryk,84,64,273
5857,Patryk,32,96,208
5858,Patryk,65,112,432
5859,Patryk,84,80,352
5860,Patryk,32,79,208
5861,Patryk,84,64,352
5862,Patryk,72,49,207
5863,Patryk,69,112,193
5864,Patryk,32,63,128
5865,Patryk,67,81,207
5866,Patryk,79,65,144
5867,Patryk,65,79,433
5868,Patryk,83,95,192
5869,Patryk,84,49,351
5870,Patryk,32,95,193
5871,Patryk,79,80,928
5872,Patryk,70,48,192
5873,Patryk,32,96,128
5874,Patryk,84,32,256
5875,Patryk,72,79,192
5876,Patryk,8,95,1376
5877,Patryk,72,97,751
5878,Patryk,69,79,193
5879,Patryk,32,96,128
5880,Patryk,16,288,192
5881,Patryk,83,97,192
5882,Patryk,69,63,208
5883,Patryk,77,47,144
5884,Patryk,65,80,80
5885,Patryk,78,64,176
5886,Patryk,84,47,224
5887,Patryk,73,64,159
5888,Patryk,67,97,624
5889,Patryk,83,94,98
5890,Patryk,188,64,1023
5891,Patryk,32,63,144
5892,Patryk,65,80,192
5893,Patryk,32,64,208
5894,Patryk,76,64,256
5895,Patryk,65,96,127
5896,Patryk,82,64,241
5897,Patryk,71,32,208
5898,Patryk,69,64,144
5899,Patryk,32,96,207
5900,Patryk,76,64,897
5901,Patryk,65,79,96
5902,Patryk,78,64,224
5903,Patryk,71,64,352
5904,Patryk,85,48,367
5905,Patryk,65,64,209
5906,Patryk,71,129,287
5907,Patryk,69,80,129
5908,Patryk,32,111,784
5909,Patryk,79,64,303
5910,Patryk,67,64,257
5911,Patryk,69,63,192
5912,Patryk,65,64,896
5913,Patryk,78,31,160
5914,Patryk,190,63,1872
5915,Patryk,32,81,95
5916,Patryk,16,239,209
5917,Patryk,65,111,144
5918,Patryk,32,64,272
5919,Patryk,77,65,207
5920,Patryk,83,64,128
5921,Patryk,76,47,193
5922,Patryk,8,81,591
5923,Patryk,8,48,1088
5924,Patryk,8,16,176
5925,Patryk,83,113,160
5926,Patryk,77,80,145
5927,Patryk,65,63,144
5928,Patryk,76,63,176
5929,Patryk,76,65,1247
5930,Patryk,32,81,128
5931,Patryk,84,47,529
5932,Patryk,8,96,495
5933,Patryk,82,64,193
5934,Patryk,73,47,112
5935,Patryk,86,81,159
5936,Patryk,69,112,224
5937,Patryk,82,48,80
5938,Patryk,32,80,225
5939,Patryk,78,64,688
5940,Patryk,65,80,96
5941,Patryk,77,64,144
5942,Patryk,69,64,144
5943,Patryk,68,64,240
5944,Patryk,32,96,192
5945,Patryk,16,239,224
5946,Patryk,68,50,191
5947,Patryk,85,65,144
5948,Patryk,68,63,113
5949,Patryk,69,64,175
5950,Patryk,78,65,192
5951,Patryk,32,64,192
5952,Patryk,70,63,433
5953,Patryk,76,64,111
5954,Patryk,79,63,193
5955,Patryk,87,63,128
5956,Patryk,83,80,271
5957,Patryk,32,80,224
5958,Patryk,66,64,305
5959,Patryk,89,63,224
5960,Patryk,32,96,143
5961,Patryk,84,65,304
5962,Patryk,72,48,241
5963,Patryk,69,63,944
5964,Patryk,73,48,127
5965,Patryk,82,47,193
5966,Patryk,32,96,288
5967,Patryk,80,65,415
5968,Patryk,76,64,193
5969,Patryk,65,80,96
5970,Patryk,67,64,191
5971,Patryk,69,63,209
5972,Patryk,32,97,207
5973,Patryk,65,63,625
5974,Patryk,78,64,207
5975,Patryk,68,64,96
5976,Patryk,32,81,144
5977,Patryk,83,81,224
5978,Patryk,85,64,192
5979,Patryk,80,64,304
5980,Patryk,80,48,193
5981,Patryk,79,48,1
5982,Patryk,76,79,191
5983,Patryk,73,80,1248
5984,Patryk,69,47,144
5985,Patryk,83,80,207
5986,Patryk,32,79,721
5987,Patryk,73,47,400
5988,Patryk,84,64,143
5989,Patryk,32,79,145
5990,Patryk,87,79,224
5991,Patryk,73,64,447
5992,Patryk,84,64,128
5993,Patryk,72,49,192
5994,Patryk,32,112,192
5995,Patryk,84,80,1457
5996,Patryk,72,63,192
5997,Patryk,69,81,239
5998,Patryk,32,96,145
5999,Patryk,78,63,208
6000,Patryk,69,79,128
6001,Patryk,67,65,319
6002,Patryk,69,79,241
6003,Patryk,83,64,639
6004,Patryk,83,64,145
6005,Patryk,65,64,208
6006,Patryk,82,64,271
6007,Patryk,89,81,640
6008,Patryk,32,96,145
6009,Patryk,82,111,432
6010,Patryk,69,81,79
6011,Patryk,71,47,321
6012,Patryk,65,64,191
6013,Patryk,73,64,112
6014,Patryk,76,65,224
6015,Patryk,65,96,128
6016,Patryk,190,96,609
6017,Patryk,32,80,271
6018,Patryk,16,160,209
6019,Patryk,73,63,112
6020,Patryk,84,64,432
6021,Patryk,32,96,720
6022,Patryk,73,48,351
6023,Patryk,83,79,145
6024,Patryk,32,80,192
6025,Patryk,65,96,335
6026,Patryk,32,96,192
6027,Patryk,80,64,256
6028,Patryk,65,96,128
6029,Patryk,82,64,401
6030,Patryk,65,97,159
6031,Patryk,68,79,257
6032,Patryk,73,48,559
6033,Patryk,83,64,176
6034,Patryk,69,63,1425
6035,Patryk,77,49,255
6036,Patryk,65,96,176
6037,Patryk,84,49,240
6038,Patryk,73,65,176
6039,Patryk,67,81,176
6040,Patryk,32,80,608
6041,Patryk,67,80,257
6042,Patryk,79,79,128
6043,Patryk,85,48,208
6044,Patryk,78,79,160
6045,Patryk,84,113,191
6046,Patryk,82,96,64
6047,Patryk,89,95,257
6048,Patryk,188,64,655
6049,Patryk,32,80,160
6050,Patryk,73,79,193
6051,Patryk,78,65,239
6052,Patryk,32,79,145
6053,Patryk,87,80,223
6054,Patryk,72,64,289
6055,Patryk,73,65,223
6056,Patryk,67,63,177
6057,Patryk,72,47,224
6058,Patryk,32,80,623
6059,Patryk,82,79,721
6060,Patryk,79,65,239
6061,Patryk,65,96,112
6062,Patryk,83,64,225
6063,Patryk,69,112,367
6064,Patryk,84,127,2497
6065,Patryk,69,95,112
6066,Patryk,68,79,240
6067,Patryk,32,79,192
6068,Patryk,80,79,256
6069,Patryk,65,112,127
6070,Patryk,82,80,224
6071,Patryk,84,63,193
6072,Patryk,83,81,255
6073,Patryk,32,79,273
6074,Patryk,79,63,400
6075,Patryk,70,64,432
6076,Patryk,32,96,191
6077,Patryk,83,80,257
6078,Patryk,69,48,559
6079,Patryk,78,64,112
6080,Patryk,84,81,304
6081,Patryk,69,80,160
6082,Patryk,78,63,945
6083,Patryk,67,64,144
6084,Patryk,69,63,224
6085,Patryk,83,64,271
6086,Patryk,32,64,401
6087,Patryk,70,64,272
6088,Patryk,76,64,127
6089,Patryk,89,47,337
6090,Patryk,32,47,160
6091,Patryk,73,47,256
6092,Patryk,78,63,192
6093,Patryk,84,48,143
6094,Patryk,79,64,160
6095,Patryk,32,96,192
6096,Patryk,89,65,864
6097,Patryk,80,49,112
6098,Patryk,85,48,273
6099,Patryk,82,65,159
6100,Patryk,32,80,176
6101,Patryk,77,64,177
6102,Patryk,80,15,240
6103,Patryk,85,63,192
6104,Patryk,84,31,272
6105,Patryk,72,64,207
6106,Patryk,32,95,145
6107,Patryk,8,63,976
6108,Patryk,190,64,272
6109,Patryk,13,80,223
6110,Patryk,69,112,447
6111,Patryk,16,592,657
6112,Patryk,86,63,337
6113,Patryk,69,64,192
6114,Patryk,78,48,1119
6115,Patryk,32,47,193
6116,Patryk,84,80,271
6117,Patryk,72,64,160
6118,Patryk,69,81,144
6119,Patryk,32,80,192
6120,Patryk,80,65,240
6121,Patryk,79,64,193
6122,Patryk,87,81,127
6123,Patryk,69,64,225
6124,Patryk,82,64,160
6125,Patryk,70,79,2512
6126,Patryk,85,31,544
6127,Patryk,76,63,448
6128,Patryk,32,95,592
6129,Patryk,16,176,511
6130,Patryk,80,48,160
6131,Patryk,79,80,545
6132,Patryk,73,79,176
6133,Patryk,78,64,207
6134,Patryk,84,64,256
6135,Patryk,73,80,96
6136,Patryk,78,64,177
6137,Patryk,71,48,175
6138,Patryk,32,113,1392
6139,Patryk,65,95,385
6140,Patryk,8,96,1215
6141,Patryk,72,64,224
6142,Patryk,65,145,96
6143,Patryk,83,96,96
6144,Patryk,32,63,241
6145,Patryk,78,48,95
6146,Patryk,79,64,208
6147,Patryk,32,79,113
6148,Patryk,67,79,272
6149,Patryk,79,48,176
6150,Patryk,78,64,463
6151,Patryk,84,95,241
6152,Patryk,82,64,96
6153,Patryk,79,78,65
6154,Patryk,76,64,270
6155,Patryk,32,79,273
6156,Patryk,65,80,367
6157,Patryk,66,64,128
6158,Patryk,79,81,224
6159,Patryk,85,63,225
6160,Patryk,84,80,143
6161,Patryk,32,96,176
6162,Patryk,89,32,1280
6163,Patryk,84,62,2
6164,Patryk,72,63,591
6165,Patryk,69,79,304
6166,Patryk,32,95,272
6167,Patryk,66,96,495
6168,Patryk,76,63,145
6169,Patryk,73,64,175
6170,Patryk,78,80,176
6171,Patryk,68,64,193
6172,Patryk,32,80,287
6173,Patryk,84,96,832
6174,Patryk,69,95,49
6175,Patryk,88,96,255
6176,Patryk,84,81,256
6177,Patryk,83,63,257
6178,Patryk,32,80,351
6179,Patryk,73,63,481
6180,Patryk,84,64,191
6181,Patryk,32,112,96
6182,Patryk,73,47,401
6183,Patryk,83,63,128
6184,Patryk,32,64,271
6185,Patryk,65,64,256
6186,Patryk,78,48,176
6187,Patryk,32,80,209
6188,Patryk,65,64,560
6189,Patryk,76,64,240
6190,Patryk,77,63,160
6191,Patryk,79,80,159
6192,Patryk,83,95,145
6193,Patryk,84,31,272
6194,Patryk,32,95,144
6195,Patryk,85,64,767
6196,Patryk,78,80,176
6197,Patryk,79,47,353
6198,Patryk,82,65,287
6199,Patryk,84,48,176
6200,Patryk,79,64,176
6201,Patryk,71,64,1424
6202,Patryk,82,48,800
6203,Patryk,65,80,209
6204,Patryk,80,64,271
6205,Patryk,72,47,465
6206,Patryk,73,47,672
6207,Patryk,67,80,143
6208,Patryk,32,96,416
6209,Patryk,76,64,240
6210,Patryk,73,80,272
6211,Patryk,70,48,321
6212,Patryk,69,96,207
6213,Patryk,32,96,128
6214,Patryk,16,143,241
6215,Patryk,79,64,111
6216,Patryk,78,64,224
6217,Patryk,69,48,128
6218,Patryk,32,80,256
6219,Patryk,68,95,641
6220,Patryk,65,96,175
6221,Patryk,89,48,400
6222,Patryk,32,79,113
6223,Patryk,72,64,1024
6224,Patryk,79,48,351
6225,Patryk,87,80,176
6226,Patryk,69,63,241
6227,Patryk,86,63,464
6228,Patryk,69,160,1375
6229,Patryk,82,96,112
6230,Patryk,32,113,272
6231,Patryk,65,96,272
6232,Patryk,32,80,177
6233,Patryk,83,79,192
6234,Patryk,77,33,127
6235,Patryk,65,80,992
6236,Patryk,76,64,160
6237,Patryk,76,64,176
6238,Patryk,32,96,256
6239,Patryk,76,64,256
6240,Patryk,73,64,208
6241,Patryk,78,79,145
6242,Patryk,69,63,176
6243,Patryk,32,81,223
6244,Patryk,79,64,544
6245,Patryk,70,63,177
6246,Patryk,32,111,128
6247,Patryk,66,65,319
6248,Patryk,76,80,224
6249,Patryk,73,48,208
6250,Patryk,78,64,176
6251,Patryk,68,49,160
6252,Patryk,32,96,97
6253,Patryk,84,113,255
6254,Patryk,69,96,80
6255,Patryk,88,79,257
6256,Patryk,84,80,1503
6257,Patryk,32,96,976
6258,Patryk,66,64,560
6259,Patryk,89,80,177
6260,Patryk,32,48,191
6261,Patryk,78,64,224
6262,Patryk,65,79,145
6263,Patryk,77,79,144
6264,Patryk,69,97,143
6265,Patryk,32,96,161
6266,Patryk,79,47,640
6267,Patryk,70,80,127
6268,Patryk,32,97,128
6269,Patryk,16,159,209
6270,Patryk,76,64,127
6271,Patryk,79,64,224
6272,Patryk,82,80,193
6273,Patryk,69,80,47
6274,Patryk,77,47,209
6275,Patryk,32,96,175
6276,Patryk,16,175,449
6277,Patryk,73,64,143
6278,Patryk,80,64,336
6279,Patryk,83,63,673
6280,Patryk,85,64,207
6281,Patryk,77,80,208
6282,Patryk,32,96,144
6283,Patryk,68,96,400
6284,Patryk,69,64,176
6285,Patryk,67,95,193
6286,Patryk,73,64,127
6287,Patryk,68,80,160
6288,Patryk,69,64,193
6289,Patryk,68,63,416
6290,Patryk,32,97,287
6291,Patryk,84,80,560
6292,Patryk,79,48,144
6293,Patryk,32,80,96
6294,Patryk,76,64,160
6295,Patryk,69,80,112
6296,Patryk,65,96,176
6297,Patryk,86,48,256
6298,Patryk,69,64,192
6299,Patryk,32,96,496
6300,Patryk,68,31,337
6301,Patryk,8,80,463
6302,Patryk,70,64,192
6303,Patryk,79,80,80
6304,Patryk,32,64,176
6305,Patryk,8,48,432
6306,Patryk,82,64,128
6307,Patryk,32,80,352
6308,Patryk,84,80,3552
6309,Patryk,72,64,368
6310,Patryk,69,64,128
6311,Patryk,32,112,224
6312,Patryk,70,64,304
6313,Patryk,65,96,176
6314,Patryk,82,64,176
6315,Patryk,32,80,1520
6316,Patryk,87,96,224
6317,Patryk,16,353,272
6318,Patryk,79,64,240
6319,Patryk,82,64,144
6320,Patryk,76,144,240
6321,Patryk,68,96,336
6322,Patryk,32,96,256
6323,Patryk,70,48,336
6324,Patryk,8,96,352
6325,Patryk,79,64,224
6326,Patryk,70,48,112
6327,Patryk,32,96,128
6328,Patryk,16,177,304
6329,Patryk,71,62,145
6330,Patryk,82,64,223
6331,Patryk,65,96,160
6332,Patryk,77,48,240
6333,Patryk,77,48,128
6334,Patryk,65,80,96
6335,Patryk,82,48,192
6336,Patryk,190,64,624
6337,Patryk,32,111,881
6338,Patryk,84,80,432
6339,Patryk,16,528,367
6340,Patryk,72,64,336
6341,Patryk,69,64,112
6342,Patryk,32,79,417
6343,Patryk,66,64,144
6344,Patryk,16,224,255
6345,Patryk,73,64,288
6346,Patryk,71,48,160
6347,Patryk,32,80,224
6348,Patryk,16,400,496
6349,Patryk,79,65,336
6350,Patryk,83,96,256
6351,Patryk,77,96,752
6352,Patryk,79,80,112
6353,Patryk,88,80,480
6354,Patryk,32,96,256
6355,Patryk,65,79,241
6356,Patryk,68,80,223
6357,Patryk,86,48,240
6358,Patryk,73,48,832
6359,Patryk,83,80,672
6360,Patryk,69,80,224
6361,Patryk,68,80,177
6362,Patryk,32,80,255
6363,Patryk,72,80,528
6364,Patryk,69,80,128
6365,Patryk,82,64,160
6366,Patryk,32,80,192
6367,Patryk,78,32,176
6368,Patryk,79,96,272
6369,Patryk,84,64,656
6370,Patryk,32,96,240
6371,Patryk,84,64,864
6372,Patryk,79,64,112
6373,Patryk,32,96,224
6374,Patryk,68,63,352
6375,Patryk,79,64,128
6376,Patryk,32,80,128
6377,Patryk,83,80,272
6378,Patryk,79,48,128
6379,Patryk,32,80,176
6380,Patryk,188,80,832
6381,Patryk,32,95,177
6382,Patryk,66,48,271
6383,Patryk,69,64,112
6384,Patryk,67,80,256
6385,Patryk,65,80,192
6386,Patryk,85,64,288
6387,Patryk,83,64,112
6388,Patryk,69,64,208
6389,Patryk,32,95,256
6390,Patryk,84,80,656
6391,Patryk,72,79,192
6392,Patryk,69,96,240
6393,Patryk,82,160,64
6394,Patryk,69,96,144
6395,Patryk,32,96,208
6396,Patryk,87,80,304
6397,Patryk,69,48,624
6398,Patryk,72,64,272
6399,Patryk,69,80,112
6400,Patryk,32,80,1776
6401,Patryk,84,96,672
6402,Patryk,72,48,256
6403,Patryk,79,64,144
6404,Patryk,85,48,208
6405,Patryk,83,80,112
6406,Patryk,65,80,208
6407,Patryk,78,64,160
6408,Patryk,68,80,240
6409,Patryk,83,64,432
6410,Patryk,32,80,256
6411,Patryk,79,64,672
6412,Patryk,70,80,96
6413,Patryk,32,80,160
6414,Patryk,66,64,864
6415,Patryk,65,112,112
6416,Patryk,68,96,224
6417,Patryk,32,80,240
6418,Patryk,16,319,657
6419,Patryk,67,81,239
6420,Patryk,79,48,144
6421,Patryk,77,64,240
6422,Patryk,77,31,208
6423,Patryk,65,96,240
6424,Patryk,83,80,304
6425,Patryk,83,32,192
6426,Patryk,188,80,1264
6427,Patryk,32,80,160
6428,Patryk,87,79,209
6429,Patryk,73,62,128
6430,Patryk,76,64,223
6431,Patryk,68,64,128
6432,Patryk,32,80,208
6433,Patryk,81,112,176
6434,Patryk,16,304,320
6435,Patryk,85,48,512
6436,Patryk,69,64,144
6437,Patryk,83,80,288
6438,Patryk,84,49,335
6439,Patryk,73,81,112
6440,Patryk,79,64,193
6441,Patryk,78,80,192
6442,Patryk,32,80,256
6443,Patryk,16,176,273
6444,Patryk,77,62,177
6445,Patryk,65,80,142
6446,Patryk,82,48,224
6447,Patryk,75,64,144
6448,Patryk,83,80,240
6449,Patryk,32,80,592
6450,Patryk,65,64,224
6451,Patryk,78,79,336
6452,Patryk,68,80,128
6453,Patryk,32,112,208
6454,Patryk,68,64,528
6455,Patryk,69,63,208
6456,Patryk,86,64,192
6457,Patryk,73,47,240
6458,Patryk,79,64,208
6459,Patryk,85,48,624
6460,Patryk,83,80,160
6461,Patryk,32,79,400
6462,Patryk,83,96,208
6463,Patryk,16,320,272
6464,Patryk,69,64,336
6465,Patryk,77,96,191
6466,Patryk,73,80,193
6467,Patryk,75,65,655
6468,Patryk,79,64,209
6469,Patryk,76,62,193
6470,Patryk,73,64,191
6471,Patryk,188,64,928
6472,Patryk,32,79,144
6473,Patryk,66,80,240
6474,Patryk,85,48,256
6475,Patryk,84,48,224
6476,Patryk,32,96,159
6477,Patryk,89,64,785
6478,Patryk,72,80,704
6479,Patryk,69,64,112
6480,Patryk,32,96,192
6481,Patryk,76,111,272
6482,Patryk,73,64,688
6483,Patryk,84,80,320
6484,Patryk,84,64,160
6485,Patryk,76,80,208
6486,Patryk,69,97,159
6487,Patryk,32,80,257
6488,Patryk,16,175,880
6489,Patryk,66,64,144
6490,Patryk,76,80,240
6491,Patryk,73,32,192
6492,Patryk,78,64,192
6493,Patryk,68,80,128
6494,Patryk,32,80,208
6495,Patryk,16,240,192
6496,Patryk,84,64,208
6497,Patryk,69,80,208
6498,Patryk,88,79,224
6499,Patryk,84,64,208
6500,Patryk,32,112,576
6501,Patryk,68,48,448
6502,Patryk,73,64,192
6503,Patryk,68,64,1632
6504,Patryk,78,64,144
6505,Patryk,84,64,416
6506,Patryk,32,96,192
6507,Patryk,76,63,192
6508,Patryk,73,47,192
6509,Patryk,83,64,128
6510,Patryk,84,112,224
6511,Patryk,69,95,80
6512,Patryk,78,48,208
6513,Patryk,190,64,1312
6514,Patryk,32,80,112
6515,Patryk,83,111,128
6516,Patryk,16,256,240
6517,Patryk,75,48,272
6518,Patryk,8,65,351
6519,Patryk,72,47,193
6520,Patryk,69,80,112
6521,Patryk,32,64,127
6522,Patryk,65,63,513
6523,Patryk,8,80,352
6524,Patryk,80,80,208
6525,Patryk,65,96,112
6526,Patryk,67,80,256
6527,Patryk,69,65,303
6528,Patryk,75,64,129
6529,Patryk,68,63,1520
6530,Patryk,32,111,160
6531,Patryk,72,47,448
6532,Patryk,69,95,128
6533,Patryk,82,112,47
6534,Patryk,32,96,176
6535,Patryk,83,80,193
6536,Patryk,69,80,208
6537,Patryk,86,65,207
6538,Patryk,69,65,161
6539,Patryk,78,96,144
6540,Patryk,32,96,592
6541,Patryk,86,48,432
6542,Patryk,69,113,207
6543,Patryk,82,80,81
6544,Patryk,83,64,240
6545,Patryk,65,79,416
6546,Patryk,76,79,448
6547,Patryk,73,64,224
6548,Patryk,65,96,112
6549,Patryk,188,64,480
6550,Patryk,32,80,176
6551,Patryk,80,47,176
6552,Patryk,85,80,384
6553,Patryk,84,64,128
6554,Patryk,32,96,144
6555,Patryk,72,64,352
6556,Patryk,69,96,143
6557,Patryk,82,63,193
6558,Patryk,32,143,304
6559,Patryk,73,65,479
6560,Patryk,78,64,193
6561,Patryk,73,79,208
6562,Patryk,84,63,368
6563,Patryk,73,64,288
6564,Patryk,65,64,144
6565,Patryk,76,80,128
6566,Patryk,32,80,448
6567,Patryk,73,63,208
6568,Patryk,78,79,176
6569,Patryk,84,48,192
6570,Patryk,79,79,144
6571,Patryk,32,80,208
6572,Patryk,84,81,639
6573,Patryk,72,64,257
6574,Patryk,69,112,127
6575,Patryk,32,79,113
6576,Patryk,66,49,159
6577,Patryk,69,64,305
6578,Patryk,76,78,193
6579,Patryk,84,81,206
6580,Patryk,32,111,385
6581,Patryk,65,80,560
6582,Patryk,78,64,112
6583,Patryk,68,80,160
6584,Patryk,32,79,176
6585,Patryk,77,64,128
6586,Patryk,65,79,128
6587,Patryk,68,64,256
6588,Patryk,69,63,208
6589,Patryk,32,79,208
6590,Patryk,72,64,720
6591,Patryk,69,96,96
6592,Patryk,82,80,160
6593,Patryk,83,80,240
6594,Patryk,69,47,240
6595,Patryk,76,64,192
6596,Patryk,70,95,880
6597,Patryk,32,79,640
6598,Patryk,79,80,336
6599,Patryk,78,65,223
6600,Patryk,32,80,97
6601,Patryk,84,48,544
6602,Patryk,72,63,128
6603,Patryk,69,65,111
6604,Patryk,32,112,129
6605,Patryk,87,63,320
6606,Patryk,65,80,704
6607,Patryk,89,63,144
6608,Patryk,190,65,1007
6609,Patryk,13,81,512
6610,Patryk,87,33,431
6611,Patryk,16,544,225
6612,Patryk,72,64,289
6613,Patryk,69,64,144
6614,Patryk,78,64,704
6615,Patryk,32,64,160
6616,Patryk,83,96,304
6617,Patryk,72,47,176
6618,Patryk,69,111,112
6619,Patryk,32,96,128
6620,Patryk,82,144,272
6621,Patryk,69,113,95
6622,Patryk,65,113,240
6623,Patryk,67,240,289
6624,Patryk,72,64,1024
6625,Patryk,69,96,95
6626,Patryk,68,80,353
6627,Patryk,32,112,464
6628,Patryk,84,80,528
6629,Patryk,72,47,224
6630,Patryk,69,112,96
6631,Patryk,32,111,113
6632,Patryk,70,64,431
6633,Patryk,73,47,192
6634,Patryk,82,64,512
6635,Patryk,83,112,224
6636,Patryk,84,80,288
6637,Patryk,32,144,624
6638,Patryk,72,64,592
6639,Patryk,73,64,288
6640,Patryk,76,64,304
6641,Patryk,76,63,144
6642,Patryk,83,96,128
6643,Patryk,32,64,1216
6644,Patryk,79,49,175
6645,Patryk,70,48,225
6646,Patryk,32,96,128
6647,Patryk,73,64,224
6648,Patryk,84,96,1008
6649,Patryk,65,112,272
6650,Patryk,76,64,160
6651,Patryk,73,48,208
6652,Patryk,67,49,127
6653,Patryk,32,64,192
6654,Patryk,16,193,193
6655,Patryk,77,82,112
6656,Patryk,79,79,160
6657,Patryk,85,64,208
6658,Patryk,78,96,144
6659,Patryk,84,64,160
6660,Patryk,65,97,175
6661,Patryk,73,64,112
6662,Patryk,78,64,177
6663,Patryk,83,32,160
6664,Patryk,188,64,560
6665,Patryk,32,81,271
6666,Patryk,83,96,257
6667,Patryk,72,64,128
6668,Patryk,69,64,255
6669,Patryk,32,111,145
6670,Patryk,72,49,575
6671,Patryk,65,96,97
6672,Patryk,68,96,144
6673,Patryk,65,96,2111
6674,Patryk,32,79,193
6675,Patryk,76,49,175
6676,Patryk,83,79,97
6677,Patryk,8,96,400
6678,Patryk,65,127,128
6679,Patryk,83,128,79
6680,Patryk,84,48,289
6681,Patryk,32,64,191
6682,Patryk,86,64,304
6683,Patryk,73,64,96
6684,Patryk,69,47,289
6685,Patryk,87,81,191
6686,Patryk,32,80,193
6687,Patryk,66,64,816
6688,Patryk,65,64,96
6689,Patryk,67,79,208
6690,Patryk,75,64,160
6691,Patryk,32,64,111
6692,Patryk,79,32,288
6693,Patryk,78,48,561
6694,Patryk,32,81,159
6695,Patryk,82,64,337
6696,Patryk,72,64,608
6697,Patryk,69,79,144
6698,Patryk,32,96,240
6699,Patryk,83,80,624
6700,Patryk,75,49,351
6701,Patryk,89,63,833
6702,Patryk,76,64,127
6703,Patryk,73,49,192
6704,Patryk,78,81,176
6705,Patryk,69,64,208
6706,Patryk,32,79,241
6707,Patryk,79,63,480
6708,Patryk,70,64,624
6709,Patryk,32,81,175
6710,Patryk,72,64,177
6711,Patryk,69,80,160
6712,Patryk,82,80,48
6713,Patryk,32,95,192
6714,Patryk,71,64,2112
6715,Patryk,8,64,336
6716,Patryk,72,64,96
6717,Patryk,79,63,144
6718,Patryk,77,48,208
6719,Patryk,69,64,112
6720,Patryk,84,64,255
6721,Patryk,79,64,176
6722,Patryk,87,63,161
6723,Patryk,78,64,255
6724,Patryk,32,96,193
6725,Patryk,16,222,753
6726,Patryk,66,65,158
6727,Patryk,79,64,369
6728,Patryk,79,48,160
6729,Patryk,75,48,240
6730,Patryk,77,49,1215
6731,Patryk,65,80,241
6732,Patryk,82,64,223
6733,Patryk,75,63,257
6734,Patryk,71,80,1087
6735,Patryk,82,64,193
6736,Patryk,79,47,128
6737,Patryk,86,64,191
6738,Patryk,69,80,209
6739,Patryk,188,48,1631
6740,Patryk,32,111,113
6741,Patryk,84,81,335
6742,Patryk,72,111,113
6743,Patryk,69,96,304
6744,Patryk,32,96,192
6745,Patryk,72,64,576
6746,Patryk,69,80,176
6747,Patryk,65,79,208
6748,Patryk,68,80,175
6749,Patryk,76,64,289
6750,Patryk,73,31,224
6751,Patryk,78,63,176
6752,Patryk,69,64,223
6753,Patryk,32,79,209
6754,Patryk,79,64,448
6755,Patryk,70,79,128
6756,Patryk,32,95,144
6757,Patryk,65,80,177
6758,Patryk,16,273,959
6759,Patryk,80,63,208
6760,Patryk,76,65,207
6761,Patryk,80,49,2160
6762,Patryk,72,47,81
6763,Patryk,65,79,208
6764,Patryk,66,47,256
6765,Patryk,69,113,143
6766,Patryk,84,80,225
6767,Patryk,32,80,751
6768,Patryk,16,287,257
6769,Patryk,86,48,240
6770,Patryk,73,64,175
6771,Patryk,76,48,240
6772,Patryk,76,48,129
6773,Patryk,65,95,96
6774,Patryk,71,96,191
6775,Patryk,69,111,97
6776,Patryk,32,95,816
6777,Patryk,65,97,255
6778,Patryk,78,48,161
6779,Patryk,68,81,143
6780,Patryk,32,79,241
6781,Patryk,84,47,496
6782,Patryk,72,81,175
6783,Patryk,69,64,128
6784,Patryk,32,112,160
6785,Patryk,83,80,1504
6786,Patryk,85,63,225
6787,Patryk,66,47,240
6788,Patryk,76,63,144
6789,Patryk,73,64,192
6790,Patryk,78,64,176
6791,Patryk,69,64,128
6792,Patryk,32,81,271
6793,Patryk,79,79,2913
6794,Patryk,70,64,448
6795,Patryk,32,79,128
6796,Patryk,72,81,207
6797,Patryk,69,96,160
6798,Patryk,82,80,80
6799,Patryk,32,127,545
6800,Patryk,79,79,384
6801,Patryk,87,80,159
6802,Patryk,78,64,144
6803,Patryk,32,80,128
6804,Patryk,82,63,465
6805,Patryk,79,49,127
6806,Patryk,65,96,96
6807,Patryk,68,80,257
6808,Patryk,188,64,880
6809,Patryk,32,95,400
6810,Patryk,84,49,399
6811,Patryk,72,63,161
6812,Patryk,69,80,111
6813,Patryk,32,79,129
6814,Patryk,76,63,144
6815,Patryk,16,223,384
6816,Patryk,73,65,207
6817,Patryk,78,47,193
6818,Patryk,69,64,95
6819,Patryk,32,48,177
6820,Patryk,76,80,79
6821,Patryk,16,175,224
6822,Patryk,65,64,240
6823,Patryk,78,64,96
6824,Patryk,69,47,145
6825,Patryk,188,64,303
6826,Patryk,32,80,1280
6827,Patryk,80,48,113
6828,Patryk,16,160,288
6829,Patryk,73,48,543
6830,Patryk,84,79,145
6831,Patryk,89,64,415
6832,Patryk,70,63,209
6833,Patryk,85,48,239
6834,Patryk,76,48,320
6835,Patryk,32,64,432
6836,Patryk,65,96,176
6837,Patryk,32,113,144
6838,Patryk,82,160,464
6839,Patryk,69,97,128
6840,Patryk,84,79,289
6841,Patryk,72,47,240
6842,Patryk,79,64,144
6843,Patryk,82,32,287
6844,Patryk,73,63,257
6845,Patryk,67,64,160
6846,Patryk,32,112,831
6847,Patryk,81,80,240
6848,Patryk,85,48,240
6849,Patryk,69,64,144
6850,Patryk,83,80,208
6851,Patryk,84,47,241
6852,Patryk,73,64,128
6853,Patryk,79,64,175
6854,Patryk,78,47,209
6855,Patryk,32,65,687
6856,Patryk,82,112,448
6857,Patryk,65,111,129
6858,Patryk,78,64,240
6859,Patryk,32,63,144
6860,Patryk,79,64,303
6861,Patryk,86,64,145
6862,Patryk,69,128,207
6863,Patryk,82,80,112
6864,Patryk,32,80,560
6865,Patryk,72,80,384
6866,Patryk,69,96,128
6867,Patryk,82,79,97
6868,Patryk,32,79,256
6869,Patryk,67,64,703
6870,Patryk,72,63,209
6871,Patryk,69,65,127
6872,Patryk,67,64,336
6873,Patryk,75,64,560
6874,Patryk,188,96,497
6875,Patryk,32,48,287
6876,Patryk,84,64,465
6877,Patryk,72,32,143
6878,Patryk,69,63,113
6879,Patryk,32,80,159
6880,Patryk,78,49,112
6881,Patryk,8,32,352
6882,Patryk,8,47,145
6883,Patryk,78,63,176
6884,Patryk,32,64,127
6885,Patryk,83,80,464
6886,Patryk,72,64,432
6887,Patryk,69,64,128
6888,Patryk,32,96,784
6889,Patryk,67,80,416
6890,Patryk,79,64,176
6891,Patryk,84,64,1264
6892,Patryk,73,64,224
6893,Patryk,78,64,176
6894,Patryk,85,48,176
6895,Patryk,69,64,256
6896,Patryk,65,64,272
6897,Patryk,8,80,432
6898,Patryk,68,97,192
6899,Patryk,32,80,224
6900,Patryk,72,81,240
6901,Patryk,69,63,225
6902,Patryk,82,64,255
6903,Patryk,32,96,208
6904,Patryk,87,192,384
6905,Patryk,65,144,113
6906,Patryk,89,64,543
6907,Patryk,190,48,752
6908,Patryk,32,96,432
6909,Patryk,16,191,305
6910,Patryk,79,64,143
6911,Patryk,78,63,209
6912,Patryk,32,64,143
6913,Patryk,72,80,272
6914,Patryk,69,96,176
6915,Patryk,82,64,80
6916,Patryk,32,96,224
6917,Patryk,87,161,896
6918,Patryk,65,96,112
6919,Patryk,89,64,240
6920,Patryk,32,112,960
6921,Patryk,83,65,560
6922,Patryk,72,63,97
6923,Patryk,69,64,287
6924,Patryk,32,81,208
6925,Patryk,77,80,1008
6926,Patryk,69,80,128
6927,Patryk,84,64,352
6928,Patryk,32,96,176
6929,Patryk,65,96,224
6930,Patryk,32,96,112
6931,Patryk,67,79,225
6932,Patryk,79,48,175
6933,Patryk,80,80,144
6934,Patryk,89,63,257
6935,Patryk,190,127,416
6936,Patryk,32,112,271
6937,Patryk,82,48,48
6938,Patryk,84,112,320
6939,Patryk,16,448,272
6940,Patryk,69,64,384
6941,Patryk,72,80,144
6942,Patryk,32,64,224
6943,Patryk,67,64,464
6944,Patryk,79,64,128
6945,Patryk,80,47,177
6946,Patryk,89,64,271
6947,Patryk,32,80,176
6948,Patryk,87,112,768
6949,Patryk,87,48,224
6950,Patryk,65,126,2
6951,Patryk,82,64,478
6952,Patryk,78,64,192
6953,Patryk,69,64,224
6954,Patryk,68,81,336
6955,Patryk,32,128,944
6956,Patryk,84,79,369
6957,Patryk,72,64,207
6958,Patryk,69,79,113
6959,Patryk,32,112,143
6960,Patryk,16,240,433
6961,Patryk,76,64,176
6962,Patryk,73,48,271
6963,Patryk,84,64,256
6964,Patryk,84,48,144
6965,Patryk,76,64,192
6966,Patryk,69,64,208
6967,Patryk,32,64,449
6968,Patryk,16,224,191
6969,Patryk,66,64,160
6970,Patryk,76,80,240
6971,Patryk,73,64,208
6972,Patryk,78,48,480
6973,Patryk,68,64,128
6974,Patryk,32,64,192
6975,Patryk,16,289,176
6976,Patryk,84,79,241
6977,Patryk,69,64,223
6978,Patryk,88,80,240
6979,Patryk,84,49,176
6980,Patryk,188,65,1312
6981,Patryk,32,112,160
6982,Patryk,84,80,272
6983,Patryk,72,64,592
6984,Patryk,65,96,240
6985,Patryk,84,48,320
6986,Patryk,32,113,1392
6987,Patryk,87,64,368
6988,Patryk,72,47,353
6989,Patryk,69,80,143
6990,Patryk,82,64,512
6991,Patryk,69,64,400
6992,Patryk,32,62,209
6993,Patryk,73,64,495
6994,Patryk,84,64,416
6995,Patryk,32,96,160
6996,Patryk,67,128,288
6997,Patryk,65,79,129
6998,Patryk,77,80,239
6999,Patryk,69,80,160
7000,Patryk,32,128,272
7001,Patryk,70,48,864
7002,Patryk,82,64,176
7003,Patryk,79,96,144
7004,Patryk,77,64,224
7005,Patryk,32,96,192
7006,Patryk,79,64,912
7007,Patryk,84,79,65
7008,Patryk,32,81,111
7009,Patryk,87,64,272
7010,Patryk,79,32,128
7011,Patryk,85,64,1760
7012,Patryk,76,65,240
7013,Patryk,68,96,240
7014,Patryk,32,80,448
7015,Patryk,72,64,432
7016,Patryk,65,80,80
7017,Patryk,86,49,224
7018,Patryk,69,80,144
7019,Patryk,32,111,145
7020,Patryk,66,64,1743
7021,Patryk,69,64,160
7022,Patryk,69,79,640
7023,Patryk,78,64,159
7024,Patryk,32,96,192
7025,Patryk,82,112,544
7026,Patryk,69,80,80
7027,Patryk,87,81,287
7028,Patryk,82,64,384
7029,Patryk,73,63,432
7030,Patryk,84,64,224
7031,Patryk,84,47,176
7032,Patryk,69,48,240
7033,Patryk,78,80,816
7034,Patryk,32,64,144
7035,Patryk,65,96,176
7036,Patryk,32,96,128
7037,Patryk,84,80,432
7038,Patryk,72,64,240
7039,Patryk,79,80,160
7040,Patryk,85,48,224
7041,Patryk,83,64,736
7042,Patryk,65,80,272
7043,Patryk,78,64,176
7044,Patryk,68,64,192
7045,Patryk,32,96,208
7046,Patryk,84,64,560
7047,Patryk,73,48,176
7048,Patryk,77,64,144
7049,Patryk,69,80,96
7050,Patryk,32,95,193
7051,Patryk,65,96,911
7052,Patryk,78,64,528
7053,Patryk,68,49,111
7054,Patryk,32,80,193
7055,Patryk,69,66,752
7056,Patryk,86,64,272
7057,Patryk,69,80,176
7058,Patryk,82,64,208
7059,Patryk,89,80,2592
7060,Patryk,84,80,1392
7061,Patryk,72,47,241
7062,Patryk,73,48,159
7063,Patryk,78,80,384
7064,Patryk,71,64,160
7065,Patryk,32,112,256
7066,Patryk,84,64,1184
7067,Patryk,72,48,144
7068,Patryk,65,80,144
7069,Patryk,84,64,416
7070,Patryk,32,128,256
7071,Patryk,87,160,608
7072,Patryk,65,111,113
7073,Patryk,83,96,287
7074,Patryk,32,96,160
7075,Patryk,76,48,208
7076,Patryk,69,79,112
7077,Patryk,70,63,208
7078,Patryk,84,64,192
7079,Patryk,32,112,432
7080,Patryk,70,64,912
7081,Patryk,79,64,192
7082,Patryk,8,80,384
7083,Patryk,82,48,128
7084,Patryk,79,80,80
7085,Patryk,77,63,352
7086,Patryk,32,80,288
7087,Patryk,73,64,496
7088,Patryk,84,80,160
7089,Patryk,83,80,240
7090,Patryk,32,112,208
7091,Patryk,79,47,1216
7092,Patryk,82,80,112
7093,Patryk,79,32,256
7094,Patryk,8,64,512
7095,Patryk,73,48,208
7096,Patryk,71,64,112
7097,Patryk,73,64,144
7098,Patryk,78,64,224
7099,Patryk,32,81,255
7100,Patryk,87,80,241
7101,Patryk,79,64,160
7102,Patryk,76,63,448
7103,Patryk,85,64,368
7104,Patryk,68,96,320
7105,Patryk,32,128,464
7106,Patryk,66,64,384
7107,Patryk,69,112,112
7108,Patryk,32,80,144
7109,Patryk,84,64,1072
7110,Patryk,72,64,144
7111,Patryk,69,96,144
7112,Patryk,32,96,112
7113,Patryk,87,80,240
7114,Patryk,79,48,240
7115,Patryk,82,79,208
7116,Patryk,68,64,576
7117,Patryk,32,96,320
7118,Patryk,222,112,112
7119,Patryk,16,288,688
7120,Patryk,65,79,304
7121,Patryk,78,64,144
7122,Patryk,68,63,336
7123,Patryk,16,224,176
7124,Patryk,222,97,128
7125,Patryk,32,112,576
7126,Patryk,65,96,1056
7127,Patryk,78,64,240
7128,Patryk,68,80,112
7129,Patryk,32,112,208
7130,Patryk,84,64,608
7131,Patryk,72,48,288
7132,Patryk,69,80,112
7133,Patryk,32,96,80
7134,Patryk,16,160,256
7135,Patryk,76,49,112
7136,Patryk,73,48,208
7137,Patryk,84,48,208
7138,Patryk,84,64,144
7139,Patryk,76,64,192
7140,Patryk,69,64,160
7141,Patryk,32,96,192
7142,Patryk,16,224,303
7143,Patryk,66,48,241
7144,Patryk,76,80,224
7145,Patryk,73,48,208
7146,Patryk,78,64,192
7147,Patryk,68,48,160
7148,Patryk,32,96,160
7149,Patryk,16,288,448
7150,Patryk,84,65,224
7151,Patryk,69,48,256
7152,Patryk,88,96,208
7153,Patryk,84,64,240
7154,Patryk,32,96,128
7155,Patryk,83,64,768
7156,Patryk,72,64,224
7157,Patryk,79,48,272
7158,Patryk,85,64,304
7159,Patryk,76,48,272
7160,Patryk,68,64,207
7161,Patryk,32,96,241
7162,Patryk,84,64,912
7163,Patryk,85,64,320
7164,Patryk,82,96,239
7165,Patryk,78,48,225
7166,Patryk,32,80,176
7167,Patryk,65,81,575
7168,Patryk,82,64,241
7169,Patryk,79,65,191
7170,Patryk,85,63,209
7171,Patryk,78,64,224
7172,Patryk,68,79,240
7173,Patryk,32,96,256
7174,Patryk,65,96,496
7175,Patryk,78,79,176
7176,Patryk,68,49,127
7177,Patryk,32,96,177
7178,Patryk,82,111,368
7179,Patryk,69,96,80
7180,Patryk,84,64,224
7181,Patryk,85,65,351
7182,Patryk,82,48,209
7183,Patryk,78,49,207
7184,Patryk,32,112,593
7185,Patryk,84,64,528
7186,Patryk,79,64,207
7187,Patryk,32,96,128
7188,Patryk,73,64,193
7189,Patryk,84,63,241
7190,Patryk,83,64,1007
7191,Patryk,32,95,224
7192,Patryk,79,64,256
7193,Patryk,87,80,144
7194,Patryk,78,65,143
7195,Patryk,188,47,433
7196,Patryk,32,111,512
7197,Patryk,83,127,272
7198,Patryk,65,112,79
7199,Patryk,70,96,289
7200,Patryk,69,80,144
7201,Patryk,32,113,127
7202,Patryk,67,47,465
7203,Patryk,79,80,127
7204,Patryk,85,80,192
7205,Patryk,78,64,305
7206,Patryk,84,144,208
7207,Patryk,82,79,96
7208,Patryk,89,64,496
7209,Patryk,190,96,1487
7210,Patryk,13,80,240
7211,Patryk,16,191,705
7212,Patryk,66,47,192
7213,Patryk,85,64,224
7214,Patryk,84,65,208
7215,Patryk,32,112,176
7216,Patryk,78,48,512
7217,Patryk,79,64,207
7218,Patryk,84,64,145
7219,Patryk,72,32,208
7220,Patryk,73,63,96
7221,Patryk,78,65,191
7222,Patryk,71,47,161
7223,Patryk,32,96,144
7224,Patryk,84,63,1168
7225,Patryk,72,64,111
7226,Patryk,69,80,145
7227,Patryk,32,80,112
7228,Patryk,67,96,208
7229,Patryk,79,64,191
7230,Patryk,80,63,177
7231,Patryk,89,96,367
7232,Patryk,32,112,225
7233,Patryk,87,64,688
7234,Patryk,82,64,335
7235,Patryk,73,48,145
7236,Patryk,84,80,255
7237,Patryk,69,80,257
7238,Patryk,82,64,255
7239,Patryk,83,64,273
7240,Patryk,32,96,208
7241,Patryk,83,80,2063
7242,Patryk,65,81,208
7243,Patryk,73,64,304
7244,Patryk,68,64,96
7245,Patryk,32,96,113
7246,Patryk,67,96,239
7247,Patryk,79,64,145
7248,Patryk,85,63,208
7249,Patryk,76,48,240
7250,Patryk,68,79,128
7251,Patryk,32,79,160
7252,Patryk,67,80,304
7253,Patryk,79,65,191
7254,Patryk,78,47,977
7255,Patryk,86,64,272
7256,Patryk,73,64,128
7257,Patryk,78,64,224
7258,Patryk,67,80,415
7259,Patryk,69,128,240
7260,Patryk,32,111,97
7261,Patryk,72,47,384
7262,Patryk,69,81,143
7263,Patryk,82,81,48
7264,Patryk,32,80,177
7265,Patryk,83,48,448
7266,Patryk,8,48,384
7267,Patryk,65,80,112
7268,Patryk,78,47,256
7269,Patryk,83,48,144
7270,Patryk,68,49,1135
7271,Patryk,32,48,209
7272,Patryk,83,63,592
7273,Patryk,79,47,672
7274,Patryk,32,63,112
7275,Patryk,73,64,191
7276,Patryk,84,64,177
7277,Patryk,32,95,144
7278,Patryk,68,80,351
7279,Patryk,73,65,256
7280,Patryk,68,48,560
7281,Patryk,78,81,144
7282,Patryk,84,63,241
7283,Patryk,32,96,447
7284,Patryk,84,48,993
7285,Patryk,65,80,336
7286,Patryk,75,64,208
7287,Patryk,69,79,224
7288,Patryk,32,79,160
7289,Patryk,76,64,176
7290,Patryk,79,63,192
7291,Patryk,78,49,223
7292,Patryk,71,32,144
7293,Patryk,32,81,160
7294,Patryk,85,49,1776
7295,Patryk,84,48,321
7296,Patryk,78,79,1088
7297,Patryk,73,63,144
7298,Patryk,76,64,271
7299,Patryk,32,64,369
7300,Patryk,65,96,272
7301,Patryk,32,96,128
7302,Patryk,70,96,384
7303,Patryk,69,63,192
7304,Patryk,87,96,191
7305,Patryk,32,95,177
7306,Patryk,73,64,527
7307,Patryk,83,80,209
7308,Patryk,8,80,415
7309,Patryk,78,63,209
7310,Patryk,73,64,192
7311,Patryk,83,80,239
7312,Patryk,73,63,817
7313,Patryk,68,64,144
7314,Patryk,79,65,111
7315,Patryk,85,48,225
7316,Patryk,83,47,224
7317,Patryk,32,97,527
7318,Patryk,16,256,193
7319,Patryk,67,113,159
7320,Patryk,79,65,160
7321,Patryk,80,64,161
7322,Patryk,89,80,431
7323,Patryk,32,96,785
7324,Patryk,87,96,208
7325,Patryk,16,336,192
7326,Patryk,82,64,271
7327,Patryk,73,64,177
7328,Patryk,84,96,175
7329,Patryk,69,175,81
7330,Patryk,82,79,128
7331,Patryk,83,80,240
7332,Patryk,32,80,224
7333,Patryk,65,64,320
7334,Patryk,77,80,464
7335,Patryk,66,64,223
7336,Patryk,85,64,160
7337,Patryk,68,63,225
7338,Patryk,72,47,1376
7339,Patryk,69,64,111
7340,Patryk,68,64,320
7341,Patryk,32,79,161
7342,Patryk,72,64,480
7343,Patryk,69,111,160
7344,Patryk,82,80,464
7345,Patryk,188,80,576
7346,Patryk,32,81,111
7347,Patryk,77,64,177
7348,Patryk,65,80,79
7349,Patryk,68,79,177
7350,Patryk,69,81,207
7351,Patryk,32,96,145
7352,Patryk,72,64,367
7353,Patryk,69,128,112
7354,Patryk,82,96,81
7355,Patryk,32,95,160
7356,Patryk,68,96,239
7357,Patryk,82,63,289
7358,Patryk,85,47,240
7359,Patryk,78,64,191
7360,Patryk,75,48,257
7361,Patryk,32,112,495
7362,Patryk,87,64,400
7363,Patryk,73,64,240
7364,Patryk,84,64,240
7365,Patryk,72,64,224
7366,Patryk,32,97,144
7367,Patryk,16,128,1073
7368,Patryk,76,64,96
7369,Patryk,79,64,175
7370,Patryk,78,63,209
7371,Patryk,71,65,191
7372,Patryk,69,96,352
7373,Patryk,32,95,225
7374,Patryk,65,80,1552
7375,Patryk,78,48,288
7376,Patryk,68,95,192
7377,Patryk,32,81,239
7378,Patryk,16,320,192
7379,Patryk,80,48,304
7380,Patryk,65,80,160
7381,Patryk,82,65,192
7382,Patryk,79,64,144
7383,Patryk,76,64,176
7384,Patryk,69,65,160
7385,Patryk,32,96,177
7386,Patryk,65,79,688
7387,Patryk,78,65,239
7388,Patryk,68,79,545
7389,Patryk,32,112,175
7390,Patryk,68,65,624
7391,Patryk,82,48,256
7392,Patryk,65,96,145
7393,Patryk,71,63,288
7394,Patryk,71,64,143
7395,Patryk,69,64,160
7396,Patryk,68,65,240
7397,Patryk,32,112,608
7398,Patryk,72,81,464
7399,Patryk,69,111,209
7400,Patryk,82,63,112
7401,Patryk,32,96,159
7402,Patryk,73,64,209
7403,Patryk,78,63,176
7404,Patryk,84,64,128
7405,Patryk,79,63,112
7406,Patryk,32,113,127
7407,Patryk,84,128,1184
7408,Patryk,72,96,80
7409,Patryk,69,64,305
7410,Patryk,73,64,335
7411,Patryk,82,63,225
7412,Patryk,32,80,111
7413,Patryk,65,96,257
7414,Patryk,71,65,223
7415,Patryk,69,64,208
7416,Patryk,78,48,176
7417,Patryk,67,79,225
7418,Patryk,89,79,160
7419,Patryk,188,65,879
7420,Patryk,32,97,96
7421,Patryk,87,80,608
7422,Patryk,72,64,96
7423,Patryk,69,112,160
7424,Patryk,82,144,80
7425,Patryk,69,64,176
7426,Patryk,32,79,177
7427,Patryk,84,49,383
7428,Patryk,72,79,113
7429,Patryk,69,64,128
7430,Patryk,89,81,367
7431,Patryk,32,96,176
7432,Patryk,65,80,384
7433,Patryk,66,79,273
7434,Patryk,85,64,224
7435,Patryk,83,48,607
7436,Patryk,72,64,113
7437,Patryk,69,63,176
7438,Patryk,68,81,223
7439,Patryk,32,95,1329
7440,Patryk,72,64,687
7441,Patryk,69,128,288
7442,Patryk,82,96,96
7443,Patryk,32,96,256
7444,Patryk,70,80,976
7445,Patryk,79,64,208
7446,Patryk,82,95,113
7447,Patryk,32,96,111
7448,Patryk,84,80,368
7449,Patryk,72,65,224
7450,Patryk,69,63,657
7451,Patryk,89,81,303
7452,Patryk,32,80,224
7453,Patryk,65,112,2912
7454,Patryk,82,63,321
7455,Patryk,69,64,623
7456,Patryk,32,80,192
7457,Patryk,83,81,352
7458,Patryk,84,65,736
7459,Patryk,73,65,112
7460,Patryk,76,64,320
7461,Patryk,76,64,144
7462,Patryk,32,96,304
7463,Patryk,85,47,593
7464,Patryk,83,81,159
7465,Patryk,73,65,176
7466,Patryk,78,48,192
7467,Patryk,71,64,208
7468,Patryk,32,80,384
7469,Patryk,72,48,431
7470,Patryk,69,97,112
7471,Patryk,82,79,97
7472,Patryk,190,64,399
7473,Patryk,32,65,256
7474,Patryk,16,319,225
7475,Patryk,70,97,223
7476,Patryk,65,95,385
7477,Patryk,82,79,176
7478,Patryk,32,111,160
7479,Patryk,70,96,431
7480,Patryk,65,112,160
7481,Patryk,82,80,224
7482,Patryk,32,96,176
7483,Patryk,65,96,384
7484,Patryk,87,96,160
7485,Patryk,65,79,209
7486,Patryk,89,48,255
7487,Patryk,32,111,1617
7488,Patryk,188,64,847
7489,Patryk,32,80,256
7490,Patryk,66,64,288
7491,Patryk,69,64,144
7492,Patryk,73,48,528
7493,Patryk,72,81,1168
7494,Patryk,73,80,384
7495,Patryk,78,65,192
7496,Patryk,68,64,112
7497,Patryk,32,80,240
7498,Patryk,84,80,1664
7499,Patryk,72,65,224
7500,Patryk,69,97,112
7501,Patryk,32,95,97
7502,Patryk,87,80,255
7503,Patryk,79,63,208
7504,Patryk,82,64,144
7505,Patryk,68,80,208
7506,Patryk,32,79,241
7507,Patryk,77,64,1823
7508,Patryk,79,80,192
7509,Patryk,85,64,208
7510,Patryk,78,80,176
7511,Patryk,84,64,112
7512,Patryk,65,80,176
7513,Patryk,73,80,128
7514,Patryk,78,64,208
7515,Patryk,83,96,192
7516,Patryk,188,47,1009
7517,Patryk,32,80,95
7518,Patryk,70,96,304
7519,Patryk,65,112,160
7520,Patryk,82,64,208
7521,Patryk,32,144,720
7522,Patryk,70,64,384
7523,Patryk,82,64,224
7524,Patryk,79,63,177
7525,Patryk,77,80,239
7526,Patryk,32,80,224
7527,Patryk,84,96,1152
7528,Patryk,72,64,176
7529,Patryk,69,80,128
7530,Patryk,32,112,96
7531,Patryk,67,81,656
7532,Patryk,79,63,145
7533,Patryk,85,63,208
7534,Patryk,78,80,159
7535,Patryk,84,128,224
7536,Patryk,82,64,96
7537,Patryk,73,80,160
7538,Patryk,69,64,240
7539,Patryk,83,64,240
7540,Patryk,32,64,608
7541,Patryk,86,48,175
7542,Patryk,16,255,257
7543,Patryk,79,48,144
7544,Patryk,75,48,336
7545,Patryk,65,64,112
7546,Patryk,76,64,112
7547,Patryk,73,48,208
7548,Patryk,65,48,144
7549,Patryk,32,79,817
7550,Patryk,78,64,367
7551,Patryk,65,96,112
7552,Patryk,68,64,224
7553,Patryk,32,80,176
7554,Patryk,67,64,208
7555,Patryk,16,288,272
7556,Patryk,73,48,192
7557,Patryk,79,46,3
7558,Patryk,8,96,637
7559,Patryk,79,49,272
7560,Patryk,78,64,528
7561,Patryk,83,64,1312
7562,Patryk,79,65,480
7563,Patryk,78,64,256
7564,Patryk,65,80,144
7565,Patryk,78,64,368
7566,Patryk,84,64,240
7567,Patryk,73,64,128
7568,Patryk,65,80,208
7569,Patryk,188,48,688
7570,Patryk,32,80,112
7571,Patryk,84,96,352
7572,Patryk,72,64,240
7573,Patryk,69,128,192
7574,Patryk,82,64,112
7575,Patryk,82,64,128
7576,Patryk,32,96,688
7577,Patryk,76,64,256
7578,Patryk,73,64,208
7579,Patryk,86,64,113
7580,Patryk,69,96,159
7581,Patryk,32,112,176
7582,Patryk,84,144,800
7583,Patryk,72,79,112
7584,Patryk,69,80,256
7585,Patryk,32,80,112
7586,Patryk,66,64,240
7587,Patryk,76,48,128
7588,Patryk,73,48,160
7589,Patryk,78,64,160
7590,Patryk,68,64,128
7591,Patryk,32,80,176
7592,Patryk,84,96,448
7593,Patryk,69,96,64
7594,Patryk,88,127,256
7595,Patryk,84,64,272
7596,Patryk,83,64,320
7597,Patryk,190,80,928
7598,Patryk,32,96,304
7599,Patryk,83,32,336
7600,Patryk,16,383,352
7601,Patryk,69,96,208
7602,Patryk,80,64,208
7603,Patryk,65,79,353
7604,Patryk,82,64,223
7605,Patryk,65,111,336
7606,Patryk,84,64,320
7607,Patryk,69,63,160
7608,Patryk,68,80,224
7609,Patryk,32,80,193
7610,Patryk,84,128,1295
7611,Patryk,72,80,96
7612,Patryk,69,64,288
7613,Patryk,89,63,320
7614,Patryk,32,80,144
7615,Patryk,76,64,224
7616,Patryk,73,64,176
7617,Patryk,86,64,160
7618,Patryk,69,64,176
7619,Patryk,32,111,176
7620,Patryk,73,64,512
7621,Patryk,78,80,224
7622,Patryk,32,96,208
7623,Patryk,16,208,352
7624,Patryk,66,81,128
7625,Patryk,79,64,448
7626,Patryk,79,64,144
7627,Patryk,75,64,176
7628,Patryk,77,64,1088
7629,Patryk,65,64,240
7630,Patryk,82,63,336
7631,Patryk,75,63,288
7632,Patryk,71,64,736
7633,Patryk,82,64,256
7634,Patryk,79,64,160
7635,Patryk,86,32,448
7636,Patryk,69,64,191
7637,Patryk,32,96,432
7638,Patryk,82,80,416
7639,Patryk,73,48,448
7640,Patryk,71,64,256
7641,Patryk,72,64,192
7642,Patryk,84,63,128
7643,Patryk,32,111,272
7644,Patryk,65,96,272
7645,Patryk,84,81,383
7646,Patryk,32,96,129
7647,Patryk,84,112,480
7648,Patryk,72,64,144
7649,Patryk,69,80,256
7650,Patryk,32,96,112
7651,Patryk,67,80,272
7652,Patryk,79,47,208
7653,Patryk,65,96,544
7654,Patryk,83,79,272
7655,Patryk,84,80,496
7656,Patryk,32,95,256
7657,Patryk,79,64,416
7658,Patryk,70,80,208
7659,Patryk,32,96,144
7660,Patryk,16,271,400
7661,Patryk,83,65,208
7662,Patryk,69,48,240
7663,Patryk,77,66,192
7664,Patryk,65,97,143
7665,Patryk,78,64,961
7666,Patryk,84,64,1824
7667,Patryk,73,63,192
7668,Patryk,67,64,208
7669,Patryk,83,95,208
7670,Patryk,188,49,767
7671,Patryk,32,47,145
7672,Patryk,65,96,176
7673,Patryk,32,80,432
7674,Patryk,76,48,464
7675,Patryk,65,96,112
7676,Patryk,82,64,208
7677,Patryk,71,63,208
7678,Patryk,69,65,127
7679,Patryk,32,95,177
7680,Patryk,76,64,3807
7681,Patryk,65,79,113
7682,Patryk,78,96,240
7683,Patryk,71,63,305
7684,Patryk,85,64,303
7685,Patryk,65,80,144
7686,Patryk,71,64,208
7687,Patryk,69,80,128
7688,Patryk,32,80,112
7689,Patryk,79,63,176
7690,Patryk,67,80,112
7691,Patryk,69,64,192
7692,Patryk,65,80,224
7693,Patryk,78,64,176
7694,Patryk,190,47,1392
7695,Patryk,32,64,95
7696,Patryk,16,225,192
7697,Patryk,65,98,128
7698,Patryk,32,64,241
7699,Patryk,83,80,288
7700,Patryk,77,31,208
7701,Patryk,65,65,111
7702,Patryk,32,64,369
7703,Patryk,8,80,496
7704,Patryk,76,80,224
7705,Patryk,76,48,192
7706,Patryk,32,95,112
7707,Patryk,82,64,240
7708,Patryk,73,48,128
7709,Patryk,86,63,128
7710,Patryk,69,111,160
7711,Patryk,82,112,112
7712,Patryk,32,96,287
7713,Patryk,78,64,641
7714,Patryk,65,80,112
7715,Patryk,77,48,128
7716,Patryk,69,63,128
7717,Patryk,32,80,176
7718,Patryk,8,64,416
7719,Patryk,68,63,160
7720,Patryk,32,80,143
7721,Patryk,68,64,26
7722,Patryk,16,592,224
7723,Patryk,85,63,192
7724,Patryk,68,65,143
7725,Patryk,69,64,208
7726,Patryk,78,64,145
7727,Patryk,32,96,512
7728,Patryk,70,79,288
7729,Patryk,76,63,144
7730,Patryk,79,33,207
7731,Patryk,87,64,113
7732,Patryk,83,48,224
7733,Patryk,32,79,288
7734,Patryk,66,64,240
7735,Patryk,89,63,192
7736,Patryk,32,81,271
7737,Patryk,84,79,273
7738,Patryk,72,32,224
7739,Patryk,69,79,320
7740,Patryk,73,48,399
7741,Patryk,82,81,176
7742,Patryk,32,79,225
7743,Patryk,80,64,400
7744,Patryk,76,64,208
7745,Patryk,65,80,112
7746,Patryk,67,64,192
7747,Patryk,69,80,176
7748,Patryk,32,127,144
7749,Patryk,65,80,799
7750,Patryk,78,64,144
7751,Patryk,68,80,96
7752,Patryk,32,113,128
7753,Patryk,83,64,304
7754,Patryk,85,65,240
7755,Patryk,80,47,353
7756,Patryk,80,48,144
7757,Patryk,76,64,208
7758,Patryk,73,64,192
7759,Patryk,69,64,127
7760,Patryk,83,80,208
7761,Patryk,32,80,769
7762,Patryk,73,64,400
7763,Patryk,84,49,143
7764,Patryk,32,96,113
7765,Patryk,87,81,223
7766,Patryk,73,64,209
7767,Patryk,84,79,288
7768,Patryk,72,47,224
7769,Patryk,32,112,672
7770,Patryk,84,80,480
7771,Patryk,72,48,240
7772,Patryk,69,96,128
7773,Patryk,32,96,80
7774,Patryk,78,64,912
7775,Patryk,69,80,127
7776,Patryk,67,64,225
7777,Patryk,69,80,192
7778,Patryk,83,49,911
7779,Patryk,83,64,129
7780,Patryk,65,96,208
7781,Patryk,82,48,256
7782,Patryk,89,95,192
7783,Patryk,32,96,288
7784,Patryk,82,131,687
7785,Patryk,69,80,113
7786,Patryk,71,64,319
7787,Patryk,65,81,192
7788,Patryk,73,64,177
7789,Patryk,76,63,208
7790,Patryk,65,80,143
7791,Patryk,190,96,480
7792,Patryk,32,80,192
7793,Patryk,16,143,209
7794,Patryk,73,49,111
7795,Patryk,84,63,241
7796,Patryk,32,80,640
7797,Patryk,73,64,272
7798,Patryk,83,81,959
7799,Patryk,32,97,224
7800,Patryk,65,96,865
7801,Patryk,32,113,143
7802,Patryk,80,64,208
7803,Patryk,65,64,208
7804,Patryk,82,95,241
7805,Patryk,65,96,176
7806,Patryk,68,80,288
7807,Patryk,69,63,192
7808,Patryk,73,65,1583
7809,Patryk,83,80,113
7810,Patryk,69,63,368
7811,Patryk,77,47,672
7812,Patryk,65,64,128
7813,Patryk,78,65,255
7814,Patryk,84,48,177
7815,Patryk,73,48,112
7816,Patryk,67,64,159
7817,Patryk,32,95,113
7818,Patryk,67,81,239
7819,Patryk,79,63,97
7820,Patryk,85,47,240
7821,Patryk,78,64,368
7822,Patryk,84,160,239
7823,Patryk,82,112,112
7824,Patryk,89,64,1264
7825,Patryk,188,64,737
7826,Patryk,32,79,144
7827,Patryk,73,64,256
7828,Patryk,78,49,207
7829,Patryk,84,80,113
7830,Patryk,32,112,160
7831,Patryk,87,64,368
7832,Patryk,72,80,511
7833,Patryk,73,65,272
7834,Patryk,67,49,128
7835,Patryk,72,64,144
7836,Patryk,32,64,193
7837,Patryk,82,80,863
7838,Patryk,79,64,193
7839,Patryk,65,97,111
7840,Patryk,83,112,192
7841,Patryk,84,145,464
7842,Patryk,69,96,112
7843,Patryk,68,64,257
7844,Patryk,32,143,304
7845,Patryk,80,79,576
7846,Patryk,65,113,111
7847,Patryk,82,96,208
7848,Patryk,84,63,209
7849,Patryk,83,80,255
7850,Patryk,32,96,224
7851,Patryk,79,63,449
7852,Patryk,70,64,144
7853,Patryk,32,80,176
7854,Patryk,83,95,464
7855,Patryk,69,80,224
7856,Patryk,78,63,160
7857,Patryk,84,112,239
7858,Patryk,69,80,97
7859,Patryk,78,64,431
7860,Patryk,67,64,128
7861,Patryk,69,80,193
7862,Patryk,83,80,272
7863,Patryk,32,96,528
7864,Patryk,70,79,304
7865,Patryk,76,80,128
7866,Patryk,89,95,352
7867,Patryk,32,81,191
7868,Patryk,79,64,240
7869,Patryk,78,79,1585
7870,Patryk,84,97,415
7871,Patryk,79,64,304
7872,Patryk,32,96,128
7873,Patryk,89,64,768
7874,Patryk,79,80,240
7875,Patryk,85,64,1024
7876,Patryk,82,49,112
7877,Patryk,32,96,432
7878,Patryk,77,64,288
7879,Patryk,79,64,209
7880,Patryk,85,80,207
7881,Patryk,84,62,290
7882,Patryk,72,63,143
7883,Patryk,190,63,432
7884,Patryk,13,79,672
7885,Patryk,16,384,431
7886,Patryk,69,97,288
7887,Patryk,86,48,432
7888,Patryk,69,64,176
7889,Patryk,78,48,209
7890,Patryk,32,80,191
7891,Patryk,84,113,1056
7892,Patryk,72,81,96
7893,Patryk,69,96,240
7894,Patryk,32,95,97
7895,Patryk,65,79,224
7896,Patryk,76,31,288
7897,Patryk,76,48,112
7898,Patryk,173,64,352
7899,Patryk,80,48,255
7900,Patryk,79,48,208
7901,Patryk,87,80,224
7902,Patryk,69,160,240
7903,Patryk,82,79,129
7904,Patryk,70,64,479
7905,Patryk,85,64,176
7906,Patryk,76,47,305
7907,Patryk,76,49,127
7908,Patryk,32,80,128
7909,Patryk,16,128,241
7910,Patryk,80,46,129
7911,Patryk,79,48,190
7912,Patryk,73,47,193
7913,Patryk,78,64,240
7914,Patryk,84,80,527
7915,Patryk,73,64,224
7916,Patryk,78,65,208
7917,Patryk,71,64,193
7918,Patryk,32,96,319
7919,Patryk,72,48,960
7920,Patryk,65,176,224
7921,Patryk,83,49,144
7922,Patryk,32,64,641
7923,Patryk,78,80,79
7924,Patryk,79,64,224
7925,Patryk,32,96,128
7926,Patryk,16,384,224
7927,Patryk,67,80,320
7928,Patryk,79,64,160
7929,Patryk,78,48,272
7930,Patryk,84,112,272
7931,Patryk,82,64,80
7932,Patryk,79,65,112
7933,Patryk,76,64,208
7934,Patryk,32,81,1184
7935,Patryk,65,79,1265
7936,Patryk,66,49,175
7937,Patryk,79,65,304
7938,Patryk,85,47,225
7939,Patryk,84,48,127
7940,Patryk,32,97,176
7941,Patryk,84,64,720
7942,Patryk,72,64,129
7943,Patryk,69,79,128
7944,Patryk,32,80,95
7945,Patryk,66,64,176
7946,Patryk,76,79,241
7947,Patryk,73,48,191
7948,Patryk,78,64,161
7949,Patryk,68,96,143
7950,Patryk,32,96,224
7951,Patryk,84,112,432
7952,Patryk,69,80,80
7953,Patryk,88,128,240
7954,Patryk,84,64,480
7955,Patryk,83,80,224
7956,Patryk,32,112,384
7957,Patryk,73,48,656
7958,Patryk,84,96,112
7959,Patryk,32,97,160
7960,Patryk,73,64,577
7961,Patryk,83,80,127
7962,Patryk,32,80,240
7963,Patryk,65,79,225
7964,Patryk,78,48,175
7965,Patryk,32,112,512
7966,Patryk,65,65,496
7967,Patryk,76,64,161
7968,Patryk,77,48,207
7969,Patryk,79,63,177
7970,Patryk,83,95,112
7971,Patryk,84,80,223
7972,Patryk,32,112,208
7973,Patryk,85,48,656
7974,Patryk,78,48,176
7975,Patryk,79,64,400
7976,Patryk,82,64,256
7977,Patryk,84,96,256
7978,Patryk,79,64,752
7979,Patryk,71,80,1104
7980,Patryk,82,63,257
7981,Patryk,65,64,223
7982,Patryk,80,48,272
7983,Patryk,72,63,1105
7984,Patryk,73,48,223
7985,Patryk,67,80,144
7986,Patryk,83,64,192
7987,Patryk,32,96,976
7988,Patryk,76,64,256
7989,Patryk,73,64,208
7990,Patryk,70,64,128
7991,Patryk,69,80,304
7992,Patryk,32,96,176
7993,Patryk,16,209,704
7994,Patryk,79,64,177
7995,Patryk,78,64,223
7996,Patryk,69,96,145
7997,Patryk,32,96,127
7998,Patryk,68,112,192
7999,Patryk,65,64,96
8000,Patryk,89,64,240
8001,Patryk,32,80,528
8002,Patryk,72,80,592
8003,Patryk,79,63,257
8004,Patryk,87,64,143
8005,Patryk,69,80,240
8006,Patryk,86,63,1457
8007,Patryk,69,112,175
8008,Patryk,82,112,80
8009,Patryk,32,112,352
8010,Patryk,65,80,336
8011,Patryk,32,96,144
8012,Patryk,83,80,224
8013,Patryk,65,64,320
8014,Patryk,77,64,480
8015,Patryk,75,31,545
8016,Patryk,76,31,1
8017,Patryk,76,64,558
8018,Patryk,32,112,384
8019,Patryk,76,80,752
8020,Patryk,73,63,257
8021,Patryk,78,48,191
8022,Patryk,69,47,129
8023,Patryk,32,96,143
8024,Patryk,79,64,1088
8025,Patryk,70,64,128
8026,Patryk,32,112,80
8027,Patryk,66,48,288
8028,Patryk,76,64,224
8029,Patryk,73,80,192
8030,Patryk,78,64,208
8031,Patryk,68,79,176
8032,Patryk,32,95,256
8033,Patryk,84,112,320
8034,Patryk,69,112,64
8035,Patryk,88,96,256
8036,Patryk,84,64,224
8037,Patryk,66,79,1313
8038,Patryk,89,63,239
8039,Patryk,32,79,161
8040,Patryk,78,48,959
8041,Patryk,65,64,96
8042,Patryk,77,64,128
8043,Patryk,69,80,112
8044,Patryk,32,64,192
8045,Patryk,79,47,528
8046,Patryk,70,48,192
8047,Patryk,32,80,112
8048,Patryk,16,143,241
8049,Patryk,76,64,111
8050,Patryk,79,48,192
8051,Patryk,82,112,112
8052,Patryk,69,80,80
8053,Patryk,77,65,175
8054,Patryk,32,96,177
8055,Patryk,16,192,256
8056,Patryk,73,64,144
8057,Patryk,80,63,384
8058,Patryk,83,64,176
8059,Patryk,85,48,208
8060,Patryk,77,65,192
8061,Patryk,32,96,976
8062,Patryk,68,112,224
8063,Patryk,69,80,160
8064,Patryk,67,80,192
8065,Patryk,73,47,144
8066,Patryk,68,96,160
8067,Patryk,69,80,208
8068,Patryk,68,64,352
8069,Patryk,32,80,224
8070,Patryk,84,64,352
8071,Patryk,79,64,160
8072,Patryk,32,80,128
8073,Patryk,76,63,160
8074,Patryk,69,80,208
8075,Patryk,65,80,240
8076,Patryk,86,48,416
8077,Patryk,69,64,192
8078,Patryk,32,176,1376
8079,Patryk,70,64,864
8080,Patryk,79,63,144
8081,Patryk,82,79,113
8082,Patryk,32,96,175
8083,Patryk,84,64,784
8084,Patryk,72,64,128
8085,Patryk,69,112,128
8086,Patryk,32,96,144
8087,Patryk,70,79,257
8088,Patryk,65,96,127
8089,Patryk,82,96,160
8090,Patryk,32,80,384
8091,Patryk,87,96,144
8092,Patryk,16,256,368
8093,Patryk,79,48,176
8094,Patryk,82,64,208
8095,Patryk,76,64,160
8096,Patryk,68,80,336
8097,Patryk,32,80,224
8098,Patryk,79,64,208
8099,Patryk,70,47,176
8100,Patryk,32,64,176
8101,Patryk,71,64,96
8102,Patryk,16,176,256
8103,Patryk,82,64,336
8104,Patryk,65,80,207
8105,Patryk,77,64,161
8106,Patryk,77,48,192
8107,Patryk,65,96,271
8108,Patryk,82,95,258
8109,Patryk,190,64,767
8110,Patryk,32,96,112
8111,Patryk,16,192,336
8112,Patryk,84,64,144
8113,Patryk,72,64,240
8114,Patryk,69,79,112
8115,Patryk,32,64,192
8116,Patryk,16,192,432
8117,Patryk,66,49,144
8118,Patryk,73,80,208
8119,Patryk,71,64,176
8120,Patryk,32,96,208
8121,Patryk,16,271,640
8122,Patryk,79,49,239
8123,Patryk,88,64,209
8124,Patryk,77,96,112
8125,Patryk,79,81,159
8126,Patryk,88,96,209
8127,Patryk,32,96,336
8128,Patryk,65,95,320
8129,Patryk,68,80,272
8130,Patryk,86,48,223
8131,Patryk,73,48,241
8132,Patryk,83,64,447
8133,Patryk,69,47,257
8134,Patryk,68,80,160
8135,Patryk,32,65,224
8136,Patryk,72,81,383
8137,Patryk,69,96,161
8138,Patryk,82,80,64
8139,Patryk,32,96,176
8140,Patryk,78,48,928
8141,Patryk,79,80,240
8142,Patryk,84,80,160
8143,Patryk,32,112,752
8144,Patryk,84,95,512
8145,Patryk,79,64,143
8146,Patryk,32,112,113
8147,Patryk,68,95,272
8148,Patryk,79,64,160
8149,Patryk,32,80,176
8150,Patryk,83,81,271
8151,Patryk,79,48,193
8152,Patryk,32,97,143
8153,Patryk,8,49,1088
8154,Patryk,188,64,225
8155,Patryk,32,47,128
8156,Patryk,66,48,191
8157,Patryk,69,80,145
8158,Patryk,67,80,223
8159,Patryk,65,80,209
8160,Patryk,85,49,191
8161,Patryk,83,64,145
8162,Patryk,69,48,224
8163,Patryk,32,161,1183
8164,Patryk,84,64,465
8165,Patryk,72,63,128
8166,Patryk,69,96,143
8167,Patryk,82,145,128
8168,Patryk,69,96,113
8169,Patryk,32,81,287
8170,Patryk,87,80,545
8171,Patryk,69,64,240
8172,Patryk,82,96,256
8173,Patryk,69,96,143
8174,Patryk,32,111,225
8175,Patryk,84,80,719
8176,Patryk,72,80,337
8177,Patryk,79,64,288
8178,Patryk,85,64,192
8179,Patryk,83,79,192
8180,Patryk,65,64,224
8181,Patryk,78,63,176
8182,Patryk,68,64,640
8183,Patryk,83,64,192
8184,Patryk,32,80,240
8185,Patryk,79,65,1184
8186,Patryk,70,127,48
8187,Patryk,32,128,128
8188,Patryk,66,65,591
8189,Patryk,65,96,81
8190,Patryk,68,64,159
8191,Patryk,32,96,161
8192,Patryk,16,224,288
8193,Patryk,67,65,160
8194,Patryk,79,80,112
8195,Patryk,77,64,224
8196,Patryk,77,48,144
8197,Patryk,65,96,112
8198,Patryk,83,80,368
8199,Patryk,188,79,736
8200,Patryk,32,96,192
8201,Patryk,87,64,239
8202,Patryk,73,64,145
8203,Patryk,76,48,207
8204,Patryk,68,79,129
8205,Patryk,32,112,256
8206,Patryk,81,80,272
8207,Patryk,16,384,496
8208,Patryk,85,64,431
8209,Patryk,69,64,145
8210,Patryk,83,79,256
8211,Patryk,84,48,400
8212,Patryk,73,64,128
8213,Patryk,79,80,160
8214,Patryk,78,47,208
8215,Patryk,32,47,144
8216,Patryk,16,127,176
8217,Patryk,77,49,95
8218,Patryk,65,79,145
8219,Patryk,82,48,160
8220,Patryk,75,48,128
8221,Patryk,83,64,128
8222,Patryk,32,64,463
8223,Patryk,65,81,240
8224,Patryk,78,47,177
8225,Patryk,68,64,128
8226,Patryk,32,112,160
8227,Patryk,68,80,640
8228,Patryk,69,80,192
8229,Patryk,86,48,384
8230,Patryk,73,65,303
8231,Patryk,79,64,160
8232,Patryk,85,48,209
8233,Patryk,83,65,143
8234,Patryk,32,80,192
8235,Patryk,16,287,241
8236,Patryk,83,96,192
8237,Patryk,69,65,255
8238,Patryk,77,80,177
8239,Patryk,73,64,208
8240,Patryk,75,79,736
8241,Patryk,79,47,208
8242,Patryk,76,64,160
8243,Patryk,73,64,352
8244,Patryk,188,49,895
8245,Patryk,32,80,112
8246,Patryk,66,64,225
8247,Patryk,85,64,143
8248,Patryk,84,128,160
8249,Patryk,32,127,321
8250,Patryk,84,63,992
8251,Patryk,72,64,336
8252,Patryk,69,48,144
8253,Patryk,32,112,160
8254,Patryk,76,64,143
8255,Patryk,16,384,880
8256,Patryk,73,96,256
8257,Patryk,84,64,385
8258,Patryk,84,80,143
8259,Patryk,76,47,273
8260,Patryk,69,79,128
8261,Patryk,32,97,159
8262,Patryk,16,224,1249
8263,Patryk,66,65,160
8264,Patryk,76,64,272
8265,Patryk,73,48,192
8266,Patryk,78,48,192
8267,Patryk,68,64,128
8268,Patryk,32,64,432
8269,Patryk,84,48,144
8270,Patryk,16,209,271
8271,Patryk,69,48,208
8272,Patryk,88,81,192
8273,Patryk,84,48,160
8274,Patryk,32,112,432
8275,Patryk,68,64,416
8276,Patryk,73,63,113
8277,Patryk,68,64,271
8278,Patryk,78,48,129
8279,Patryk,84,64,271
8280,Patryk,32,79,225
8281,Patryk,76,80,208
8282,Patryk,73,48,192
8283,Patryk,83,64,111
8284,Patryk,84,80,209
8285,Patryk,69,63,80
8286,Patryk,78,48,208
8287,Patryk,190,64,559
8288,Patryk,32,63,113
8289,Patryk,16,207,224
8290,Patryk,83,96,112
8291,Patryk,72,47,176
8292,Patryk,69,64,127
8293,Patryk,32,63,529
8294,Patryk,80,47,288
8295,Patryk,65,81,79
8296,Patryk,67,80,176
8297,Patryk,75,48,385
8298,Patryk,69,81,95
8299,Patryk,68,65,224
8300,Patryk,32,81,192
8301,Patryk,72,65,608
8302,Patryk,69,95,129
8303,Patryk,82,95,64
8304,Patryk,32,80,175
8305,Patryk,83,64,273
8306,Patryk,69,80,207
8307,Patryk,86,64,240
8308,Patryk,69,64,160
8309,Patryk,78,49,160
8310,Patryk,32,80,128
8311,Patryk,67,64,945
8312,Patryk,69,115,223
8313,Patryk,82,80,96
8314,Patryk,83,64,209
8315,Patryk,65,64,288
8316,Patryk,76,48,175
8317,Patryk,73,48,192
8318,Patryk,65,64,112
8319,Patryk,188,64,480
8320,Patryk,32,64,160
8321,Patryk,80,64,112
8322,Patryk,85,47,417
8323,Patryk,84,64,143
8324,Patryk,32,96,160
8325,Patryk,72,49,288
8326,Patryk,69,112,192
8327,Patryk,82,32,128
8328,Patryk,32,96,592
8329,Patryk,73,63,289
8330,Patryk,78,81,175
8331,Patryk,73,63,145
8332,Patryk,84,64,127
8333,Patryk,65,79,289
8334,Patryk,76,47,128
8335,Patryk,32,48,143
8336,Patryk,73,64,432
8337,Patryk,78,64,160
8338,Patryk,84,64,160
8339,Patryk,79,48,128
8340,Patryk,32,96,144
8341,Patryk,84,80,1121
8342,Patryk,72,64,191
8343,Patryk,69,80,96
8344,Patryk,32,96,112
8345,Patryk,66,64,160
8346,Patryk,69,64,208
8347,Patryk,76,64,160
8348,Patryk,84,47,241
8349,Patryk,32,96,687
8350,Patryk,65,96,304
8351,Patryk,78,48,160
8352,Patryk,68,63,129
8353,Patryk,32,80,127
8354,Patryk,77,49,144
8355,Patryk,65,95,129
8356,Patryk,68,64,207
8357,Patryk,69,64,208
8358,Patryk,32,97,160
8359,Patryk,72,49,544
8360,Patryk,69,111,129
8361,Patryk,82,80,79
8362,Patryk,83,64,416
8363,Patryk,69,63,257
8364,Patryk,76,64,143
8365,Patryk,70,64,144
8366,Patryk,32,80,240
8367,Patryk,79,64,544
8368,Patryk,78,49,240
8369,Patryk,32,64,128
8370,Patryk,84,64,240
8371,Patryk,72,64,161
8372,Patryk,69,96,96
8373,Patryk,32,79,96
8374,Patryk,87,192,223
8375,Patryk,65,113,128
8376,Patryk,89,47,177
8377,Patryk,190,79,752
8378,Patryk,13,79,384
8379,Patryk,87,80,159
8380,Patryk,16,255,736
8381,Patryk,72,64,128
8382,Patryk,69,65,272
8383,Patryk,78,64,144
8384,Patryk,32,96,161
8385,Patryk,83,80,207
8386,Patryk,72,48,224
8387,Patryk,69,127,113
8388,Patryk,32,80,111
8389,Patryk,82,64,416
8390,Patryk,69,64,272
8391,Patryk,65,113,176
8392,Patryk,67,49,240
8393,Patryk,72,48,192
8394,Patryk,69,47,97
8395,Patryk,68,64,207
8396,Patryk,32,80,208
8397,Patryk,84,63,689
8398,Patryk,69,64,912
8399,Patryk,32,80,239
8400,Patryk,70,64,193
8401,Patryk,73,48,159
8402,Patryk,82,64,113
8403,Patryk,83,80,191
8404,Patryk,84,63,193
8405,Patryk,32,112,159
8406,Patryk,72,64,896
8407,Patryk,73,64,160
8408,Patryk,76,64,241
8409,Patryk,76,64,144
8410,Patryk,83,64,143
8411,Patryk,32,48,192
8412,Patryk,79,48,272
8413,Patryk,70,48,272
8414,Patryk,32,64,145
8415,Patryk,84,64,223
8416,Patryk,72,32,208
8417,Patryk,69,79,321
8418,Patryk,32,112,127
8419,Patryk,16,128,288
8420,Patryk,73,64,96
8421,Patryk,84,47,193
8422,Patryk,65,80,159
8423,Patryk,76,49,128
8424,Patryk,73,64,176
8425,Patryk,67,79,177
8426,Patryk,32,80,303
8427,Patryk,16,559,3473
8428,Patryk,77,65,495
8429,Patryk,79,63,225
8430,Patryk,73,64,207
8431,Patryk,85,64,1120
8432,Patryk,78,48,224
8433,Patryk,84,64,96
8434,Patryk,65,80,240
8435,Patryk,73,64,224
8436,Patryk,78,64,192
8437,Patryk,83,80,144
8438,Patryk,188,64,592
8439,Patryk,32,64,128
8440,Patryk,83,79,241
8441,Patryk,72,48,207
8442,Patryk,69,80,112
8443,Patryk,32,80,144
8444,Patryk,72,64,880
8445,Patryk,65,80,112
8446,Patryk,68,80,257
8447,Patryk,32,95,559
8448,Patryk,65,96,208
8449,Patryk,32,96,176
8450,Patryk,76,96,352
8451,Patryk,65,176,160
8452,Patryk,83,112,112
8453,Patryk,84,48,288
8454,Patryk,32,96,128
8455,Patryk,86,48,240
8456,Patryk,73,64,560
8457,Patryk,69,80,112
8458,Patryk,83,64,304
8459,Patryk,32,80,576
8460,Patryk,66,64,288
8461,Patryk,65,65,112
8462,Patryk,67,47,209
8463,Patryk,75,48,159
8464,Patryk,32,95,145
8465,Patryk,79,64,655
8466,Patryk,70,63,241
8467,Patryk,32,80,287
8468,Patryk,84,64,544
8469,Patryk,72,64,208
8470,Patryk,69,112,176
8471,Patryk,32,95,113
8472,Patryk,83,64,223
8473,Patryk,75,64,592
8474,Patryk,89,64,256
8475,Patryk,76,93,288
8476,Patryk,73,49,192
8477,Patryk,78,63,177
8478,Patryk,69,64,111
8479,Patryk,32,96,304
8480,Patryk,79,64,448
8481,Patryk,70,64,432
8482,Patryk,32,96,144
8483,Patryk,72,80,192
8484,Patryk,69,80,128
8485,Patryk,82,64,48
8486,Patryk,32,95,145
8487,Patryk,72,48,815
8488,Patryk,79,80,192
8489,Patryk,77,64,192
8490,Patryk,69,64,112
8491,Patryk,84,48,208
8492,Patryk,79,64,112
8493,Patryk,87,64,144
8494,Patryk,78,64,209
8495,Patryk,32,80,447
8496,Patryk,16,160,416
8497,Patryk,66,64,97
8498,Patryk,79,65,239
8499,Patryk,79,64,224
8500,Patryk,75,48,240
8501,Patryk,77,64,224
8502,Patryk,65,96,144
8503,Patryk,82,64,272
8504,Patryk,75,63,465
8505,Patryk,83,80,447
8506,Patryk,71,64,704
8507,Patryk,82,48,224
8508,Patryk,79,48,240
8509,Patryk,79,64,128
8510,Patryk,86,47,145
8511,Patryk,69,48,191
8512,Patryk,32,97,352
8513,Patryk,84,144,560
8514,Patryk,72,80,112
8515,Patryk,69,96,240
8516,Patryk,32,96,96
8517,Patryk,72,48,368
8518,Patryk,69,80,144
8519,Patryk,65,80,192
8520,Patryk,68,64,176
8521,Patryk,76,64,480
8522,Patryk,73,64,176
8523,Patryk,78,48,192
8524,Patryk,69,64,112
8525,Patryk,32,64,208
8526,Patryk,79,32,272
8527,Patryk,70,64,256
8528,Patryk,32,112,112
8529,Patryk,65,80,192
8530,Patryk,16,288,352
8531,Patryk,76,48,256
8532,Patryk,80,48,416
8533,Patryk,72,48,336
8534,Patryk,65,80,112
8535,Patryk,66,63,160
8536,Patryk,69,96,208
8537,Patryk,84,79,177
8538,Patryk,32,112,159
8539,Patryk,86,64,208
8540,Patryk,16,288,336
8541,Patryk,73,64,320
8542,Patryk,76,47,224
8543,Patryk,76,64,144
8544,Patryk,65,80,240
8545,Patryk,71,64,544
8546,Patryk,69,64,160
8547,Patryk,32,79,177
8548,Patryk,65,80,1375
8549,Patryk,78,48,128
8550,Patryk,68,80,96
8551,Patryk,32,81,191
8552,Patryk,84,112,913
8553,Patryk,72,96,64
8554,Patryk,69,80,256
8555,Patryk,32,96,160
8556,Patryk,83,64,608
8557,Patryk,85,64,176
8558,Patryk,66,64,192
8559,Patryk,76,65,319
8560,Patryk,73,64,193
8561,Patryk,78,64,192
8562,Patryk,69,65,127
8563,Patryk,32,80,177
8564,Patryk,79,48,288
8565,Patryk,71,95,192
8566,Patryk,8,96,432
8567,Patryk,70,80,144
8568,Patryk,32,96,144
8569,Patryk,72,80,624
8570,Patryk,69,96,128
8571,Patryk,82,79,64
8572,Patryk,32,112,992
8573,Patryk,82,80,608
8574,Patryk,79,64,480
8575,Patryk,65,80,176
8576,Patryk,68,79,193
8577,Patryk,32,113,222
8578,Patryk,188,80,1777
8579,Patryk,32,80,160
8580,Patryk,84,64,400
8581,Patryk,72,46,193
8582,Patryk,69,63,175
8583,Patryk,32,112,96
8584,Patryk,76,64,160
8585,Patryk,73,81,175
8586,Patryk,78,97,161
8587,Patryk,69,64,384
8588,Patryk,32,96,176
8589,Patryk,78,48,144
8590,Patryk,16,383,432
8591,Patryk,65,80,832
8592,Patryk,69,64,352
8593,Patryk,32,80,272
8594,Patryk,8,64,719
8595,Patryk,190,81,208
8596,Patryk,32,80,128
8597,Patryk,80,48,128
8598,Patryk,16,192,241
8599,Patryk,73,64,864
8600,Patryk,84,64,160
8601,Patryk,89,48,160
8602,Patryk,70,64,352
8603,Patryk,85,48,208
8604,Patryk,76,64,879
8605,Patryk,32,80,192
8606,Patryk,65,95,257
8607,Patryk,32,96,176
8608,Patryk,82,112,336
8609,Patryk,69,96,80
8610,Patryk,84,81,399
8611,Patryk,72,64,209
8612,Patryk,79,47,240
8613,Patryk,82,64,208
8614,Patryk,73,62,209
8615,Patryk,67,64,142
8616,Patryk,32,80,225
8617,Patryk,81,65,2239
8618,Patryk,85,47,289
8619,Patryk,69,96,112
8620,Patryk,83,80,224
8621,Patryk,84,64,224
8622,Patryk,73,64,128
8623,Patryk,79,64,175
8624,Patryk,78,64,209
8625,Patryk,32,112,240
8626,Patryk,82,79,1376
8627,Patryk,65,96,176
8628,Patryk,78,48,160
8629,Patryk,32,96,96
8630,Patryk,79,64,256
8631,Patryk,86,64,128
8632,Patryk,69,128,192
8633,Patryk,82,96,96
8634,Patryk,32,96,303
8635,Patryk,67,80,753
8636,Patryk,72,64,224
8637,Patryk,69,63,176
8638,Patryk,69,80,192
8639,Patryk,67,96,240
8640,Patryk,75,48,816
8641,Patryk,32,81,175
8642,Patryk,84,80,449
8643,Patryk,72,48,208
8644,Patryk,69,48,112
8645,Patryk,78,49,207
8646,Patryk,32,80,177
8647,Patryk,83,80,1263
8648,Patryk,72,64,161
8649,Patryk,69,79,144
8650,Patryk,32,112,143
8651,Patryk,67,80,849
8652,Patryk,79,64,176
8653,Patryk,78,48,224
8654,Patryk,84,64,272
8655,Patryk,73,64,160
8656,Patryk,78,64,191
8657,Patryk,85,48,209
8658,Patryk,69,15,176
8659,Patryk,68,49,1439
8660,Patryk,32,80,225
8661,Patryk,72,64,352
8662,Patryk,69,64,287
8663,Patryk,82,80,193
8664,Patryk,32,96,160
8665,Patryk,87,144,224
8666,Patryk,65,96,95
8667,Patryk,89,64,465
8668,Patryk,32,79,192
8669,Patryk,190,80,960
8670,Patryk,32,80,143
8671,Patryk,79,63,177
8672,Patryk,78,64,191
8673,Patryk,32,81,464
8674,Patryk,72,64,96
8675,Patryk,69,96,161
8676,Patryk,82,80,80
8677,Patryk,32,96,208
8678,Patryk,87,160,1295
8679,Patryk,65,112,65
8680,Patryk,89,64,367
8681,Patryk,32,96,145
8682,Patryk,83,96,1712
8683,Patryk,72,63,304
8684,Patryk,69,111,112
8685,Patryk,32,114,127
8686,Patryk,77,64,161
8687,Patryk,69,95,192
8688,Patryk,84,79,192
8689,Patryk,32,96,128
8690,Patryk,65,127,208
8691,Patryk,32,96,160
8692,Patryk,67,95,192
8693,Patryk,79,63,160
8694,Patryk,80,64,175
8695,Patryk,89,64,209
8696,Patryk,32,144,207
8697,Patryk,84,65,1408
8698,Patryk,72,64,145
8699,Patryk,69,96,96
8700,Patryk,32,111,96
8701,Patryk,67,79,240
8702,Patryk,79,47,176
8703,Patryk,80,48,160
8704,Patryk,89,64,271
8705,Patryk,32,81,176
8706,Patryk,87,175,2241
8707,Patryk,65,112,112
8708,Patryk,82,63,209
8709,Patryk,78,64,159
8710,Patryk,69,128,143
8711,Patryk,68,96,289
8712,Patryk,32,128,239
8713,Patryk,84,81,880
8714,Patryk,72,47,257
8715,Patryk,69,64,128
8716,Patryk,32,96,95
8717,Patryk,76,64,177
8718,Patryk,16,159,112
8719,Patryk,73,64,223
8720,Patryk,84,63,385
8721,Patryk,84,48,159
8722,Patryk,76,64,112
8723,Patryk,69,79,161
8724,Patryk,32,96,112
8725,Patryk,16,176,384
8726,Patryk,66,79,112
8727,Patryk,73,79,528
8728,Patryk,82,64,240
8729,Patryk,68,96,207
8730,Patryk,32,128,2017
8731,Patryk,16,128,384
8732,Patryk,84,95,112
8733,Patryk,69,31,192
8734,Patryk,88,79,192
8735,Patryk,84,80,96
8736,Patryk,32,112,367
8737,Patryk,84,80,737
8738,Patryk,72,48,240
8739,Patryk,69,79,112
8740,Patryk,32,96,1024
8741,Patryk,87,79,240
8742,Patryk,72,31,304
8743,Patryk,69,80,112
8744,Patryk,82,96,127
8745,Patryk,69,96,145
8746,Patryk,32,113,159
8747,Patryk,73,80,336
8748,Patryk,84,80,208
8749,Patryk,32,128,241
8750,Patryk,67,97,895
8751,Patryk,65,80,209
8752,Patryk,77,81,143
8753,Patryk,69,80,128
8754,Patryk,32,111,145
8755,Patryk,70,65,719
8756,Patryk,79,81,176
8757,Patryk,82,64,112
8758,Patryk,77,96,192
8759,Patryk,32,96,192
8760,Patryk,73,64,1361
8761,Patryk,84,79,176
8762,Patryk,32,112,143
8763,Patryk,87,64,256
8764,Patryk,79,64,97
8765,Patryk,85,65,207
8766,Patryk,76,64,273
8767,Patryk,68,80,144
8768,Patryk,32,96,191
8769,Patryk,72,64,673
8770,Patryk,65,95,80
8771,Patryk,86,47,224
8772,Patryk,69,111,160
8773,Patryk,32,79,113
8774,Patryk,66,79,1471
8775,Patryk,69,64,143
8776,Patryk,78,32,240
8777,Patryk,78,48,592
8778,Patryk,32,80,144
8779,Patryk,87,80,512
8780,Patryk,82,48,224
8781,Patryk,73,63,113
8782,Patryk,84,112,319
8783,Patryk,69,96,128
8784,Patryk,82,81,800
8785,Patryk,84,80,1536
8786,Patryk,69,80,176
8787,Patryk,78,80,160
8788,Patryk,32,113,144
8789,Patryk,65,80,753
8790,Patryk,32,112,112
8791,Patryk,84,65,336
8792,Patryk,72,48,192
8793,Patryk,79,48,112
8794,Patryk,85,64,192
8795,Patryk,83,64,112
8796,Patryk,65,80,192
8797,Patryk,78,63,145
8798,Patryk,68,80,207
8799,Patryk,32,80,224
8800,Patryk,84,64,368
8801,Patryk,73,64,176
8802,Patryk,77,63,193
8803,Patryk,69,59,116
8804,Patryk,83,112,267
8805,Patryk,32,112,272
8806,Patryk,78,64,448
8807,Patryk,65,97,79
8808,Patryk,68,79,274
8809,Patryk,32,64,207
8810,Patryk,69,80,688
8811,Patryk,86,79,272
8812,Patryk,69,113,207
8813,Patryk,82,95,114
8814,Patryk,89,64,783
8815,Patryk,84,80,592
8816,Patryk,72,48,192
8817,Patryk,73,64,144
8818,Patryk,78,80,176
8819,Patryk,71,80,144
8820,Patryk,32,128,97631
8821,Patryk,84,64,336
8822,Patryk,72,64,127
8823,Patryk,65,144,145
8824,Patryk,84,95,224
8825,Patryk,32,129,159
8826,Patryk,87,208,241
8827,Patryk,65,144,111
8828,Patryk,83,128,673
8829,Patryk,32,81,351
8830,Patryk,76,63,161
8831,Patryk,69,95,112
8832,Patryk,70,80,192
8833,Patryk,84,64,192
